CCAvenue Ref#,order type,Order No,Order Datetime,Ship Date Time,order_type,Payment Mode,Card Type,Card Name,Currency,Gross Amount,Discount,Order Amount,Fee Perc Value,Fee Flat,Tax,TDS,Bill Name,Bill Address,Bill City,Bill State,Bill Zip,Bill Country,Bill Tel,Bill Email,ship Name,Ship Address,Ship City,Ship State,Ship Zip,Ship Country,Ship Tel,Instructions,Fraud Status,Website URL,Order Bank Response,Order Status,Sub Acc Id,Order Bin Country,Order Stlmt Date,Card Enrolled,Merchant Param1,Merchant Param2,Merchant Param3,Merchant Param4,Merchant Param5,Device Type,Customer IP,order_bank_ref_no,order_bank_arn_no,order_split_payout,emi_issuing_bank,tenure_duration,emi_discount_type,emi discount value,order capt amt,Merchant Charge Ref,Order BankQSI,TPV Account No.,order_vpa,AAN No,Card_Number,NPCI Message,NPCI Code,acquiring Bank,Issuing Bank,Bank Tid,Legal Entity Name,Dba Name,Transaction Tid,dispute_status
113272317175,Order,rc5POutPJ358IY2ZVpb4ME2Ua,2024-05-02 00:49:35.037,,OT-ORD,Unified Payments,Unified Payments,UPI,INR,151.00,0.00,151.00,0.76,0.00,0.14,0.00,Barkha Mathur Mathur,A-280 1st floor south city 1 Gurgaon Haryana  A-280 1st floor  south city 1 Gurgaon Haryana,Gurgaon,Haryana,122002,India,919958004286,barkhamathur280@gmail.com,Barkha mathur,A-280 1st floor south city 1 Gurgaon Haryana,Gurgaon,Haryana,122002,India,919958004286,,,https://dev-poojan.myshopify.com,Failed-NA-1,Unsuccessful,,,,,,3DE095E64C4288FA4611619A5D70CD6F89D21BFF65340CA92C6165D4E95002D9B4E3FEA14BF5B9866EAF2334EA256524EAA5,C214F4E807D220AD6F7A86B66A5D,dev-poojan.myshopify.com|2023-04,2024-05-01T19|19|31Z,MOB,223.190.82.253,412353050948,,N,,,,,0.00,,,,9958004286@paytm,,NA,Failed,1,ICICI Bank,,NA,Seleno Services Private Limited,,NA,
113272343374,Order,rMC4bTUdo9zGoQvXPavId1oEU,2024-05-02 05:40:51.0,,OT-ORD,Unified Payments,Unified Payments,UPI,INR,851.00,0.00,851.00,4.26,0.00,0.77,0.00,Vinayak Bijalwan,201301 Gali Number 2 D Block Sector 15  Room no 405 Hotel Orlov,Noida,Uttar Pradesh,201301,India,919106946302,vinayakbijalwan55@gmail.com,Vinayak Bijalwan,201301 Gali Number 2 D Block Sector 15  Room no 405 Hotel Orlov,Noida,Uttar Pradesh,201301,India,919106946302,,,https://dev-poojan.myshopify.com,Initiation Failed-NA-2,Aborted,,,,,,3DE095E64C4288FA4611619A5D70CD6F809B6548F269953ECD10C8A98F3E85D6A828E3A401BFF71459D4B4972503ED9FAB03,735258BBC39EBDD7C0B841544046,dev-poojan.myshopify.com|2023-04,2024-05-02T00|10|48Z,MOB,103.211.19.161,,,N,,,,,0.00,,,,vinayakbijalwan55@okaxis,,NA,Initiation Failed,2,ICICI Bank,,NA,Seleno Services Private Limited,,NA,
113272429396,Order,rSQVUl4Pa899tp3FWC3MlXfu4,2024-05-02 08:33:58.55,,OT-ORD,Unified Payments,Unified Payments,UPI,INR,2055.00,0.00,2055.00,10.28,0.00,1.85,0.00,Jasmin Om Brar,The Green Images Sector 51 Road Mayfield Garden Sector 51  M 835 2nd floor,Gurugram,Haryana,122018,India,919873094339,Jasminebrar_2002@yahoo.com,Jasmin Om Brar,The Green Images Sector 51 Road Mayfield Garden Sector 51  M 835 2nd floor,Gurugram,Haryana,122018,India,919873094339,Please read out the names correctly,,https://dev-poojan.myshopify.com,Initiated but Interval Time Out-NA-0,Unsuccessful,,,,,,3DE095E64C4288FA4611619A5D70CD6F717A0E045B046C06D776986F170C09741317D5B2E33E178C32A7A6B90D107279D5A2,71AD7AD096DF03D2B92211732798,dev-poojan.myshopify.com|2023-04,2024-05-02T03|03|52Z,MOB,42.108.26.16,412353545195,,N,,,,,0.00,,,,9873094339@paytm,,NA,Initiated but Interval Time Out,0,ICICI Bank,,NA,Seleno Services Private Limited,,NA,
113272720370,Order,rMLXtMFI1wbb6Z5kjOWMJI3q8,2024-05-02 11:59:27.61,,OT-ORD,,,,INR,851.00,0.00,851.00,,,,0.00,Indu Setia,C-142 sarvodaya enclave ground floor  C-142,South Delhi,Delhi,110017,India,,indu.setia13@gmail.com,,,,,,,,,,https://dev-poojan.myshopify.com,,Initiated,,,,,,3DE095E64C4288FA4611619A5D70CD6FF902ECD0B026A69FEE987E5B375FA09568E75BA4A1C0A1645796CC802D48D4B81995,E40C4A1959452EC91C7D0393F83D,dev-poojan.myshopify.com|2023-04,2024-05-02T06|29|24Z,MOB,122.162.144.56,,,N,,,,,0.00,,,,,,NA,,,,,NA,Seleno Services Private Limited,,NA,
113273232255,Order,ry3st8WVLuMg2FIJZlbw7n60V,2024-05-02 17:53:27.507,,OT-ORD,,,,INR,1002.00,0.00,1002.00,,,,0.00,Prabhakar Puli,Plot no. 5 Bharat Nagar Colony Kismatpur R. R. Dist Hyderabad  Plot no. 5,Hyderabad City,Telangana,500030,India,,prabhakarpuli@gmail.com,,,,,,,,,,https://dev-poojan.myshopify.com,,Initiated,,,,,,3DE095E64C4288FA4611619A5D70CD6F77B563E9EB886AEAA89E1F91216B71250918D1766E6231B6F5D4FAC7D049B2CBE541,886D6AE00E10C8B68602CA44E1E8,dev-poojan.myshopify.com|2023-04,2024-05-02T12|23|24Z,MOB,157.47.100.219,,,N,,,,,0.00,,,,,,NA,,,,,NA,Seleno Services Private Limited,,NA,
113273233399,Order,rFkriWiZmRRAwkruELFJ778PR,2024-05-02 17:54:10.347,,OT-ORD,Unified Payments,Unified Payments,UPI,INR,1002.00,0.00,1002.00,5.01,0.00,0.90,0.00,ARATHI PANDIT,no 103rd main shrikanteshwarnagar opposite to Ramani Nilaya house near Mahalaksmi layout busstop Mahalakshmi layout Bangalore  Home,Bangalore,Karnataka,560096,India,9591770018,pandit.arathi@gmail.com,ARATHI PANDIT,no 103rd main shrikanteshwarnagar opposite to Ramani Nilaya house near Mahalaksmi layout busstop Mahalakshmi layout Bangalore  Home,Bangalore,Karnataka,560096,India,9591770018,,,https://dev-poojan.myshopify.com,,Awaited,,,,,,3DE095E64C4288FA4611619A5D70CD6FE978DDFD2AB875537CE3D48B8539F90B300DE111C27358D85A5DD3BFCD01EF2219EB,0D311697278AE032C7F0E4661828,dev-poojan.myshopify.com|2023-04,2024-05-02T12|24|06Z,MOB,49.205.136.53,,,N,,,,,0.00,,,,,,NA,,,ICICI Bank,,NA,Seleno Services Private Limited,,NA,
113273237229,Order,rWofCCH0ijlD9ycN5uL3L9uaI,2024-05-02 17:56:44.187,,OT-ORD,,,,INR,1002.00,0.00,1002.00,,,,0.00,ARATHI PANDIT,no 103rd main shrikanteshwarnagar opposite to Ramani Nilaya house near Mahalaksmi layout busstop Mahalakshmi layout Bangalore  Home,Bangalore,Karnataka,560096,India,,pandit.arathi@gmail.com,,,,,,,,,,https://dev-poojan.myshopify.com,,Initiated,,,,,,3DE095E64C4288FA4611619A5D70CD6F2C0F500408A3662111FF3C4E2D509919257629163C95F7C3C2A958C62428C5D92BAE,414B71D49673B26B13089E25CB31,dev-poojan.myshopify.com|2023-04,2024-05-02T12|26|42Z,MOB,49.205.136.53,,,N,,,,,0.00,,,,,,NA,,,,,NA,Seleno Services Private Limited,,NA,
113273239453,Order,rOM5AHHyzEwVllnwz9nrJ7M3l,2024-05-02 17:58:11.503,,OT-ORD,,,,INR,1002.00,0.00,1002.00,,,,0.00,ARATHI PANDIT,no 103rd main shrikanteshwarnagar opposite to Ramani Nilaya house near Mahalaksmi layout busstop Mahalakshmi layout Bangalore  Home,Bangalore,Karnataka,560096,India,,pandit.arathi@gmail.com,,,,,,,,,,https://dev-poojan.myshopify.com,,Initiated,,,,,,3DE095E64C4288FA4611619A5D70CD6F288238F15CF2CC2D2C36ED7770FA4269EAECFB923862945628EEA4A6B973AD626723,1A8660BA06E14F8183EAE02A5F05,dev-poojan.myshopify.com|2023-04,2024-05-02T12|28|09Z,MOB,49.205.136.53,,,N,,,,,0.00,,,,,,NA,,,,,NA,Seleno Services Private Limited,,NA,
113273294163,Order,r9SbubGPFsCZCu1PQtAe0nh4a,2024-05-02 18:35:01.017,,OT-ORD,,,,INR,1002.00,0.00,1002.00,,,,0.00,Arathi pandit,Manu K AnandNo 103rd main shrikanteshwarnagarnear Mahalaksmi layout Bangalore 96  Ramani Nilaya opposite home  near More shop shankar Nagar road,Bangalore,Karnataka,560096,India,,pandit.arathi@gmail.com,,,,,,,,,,https://dev-poojan.myshopify.com,,Initiated,,,,,,3DE095E64C4288FA4611619A5D70CD6F5CDA6262CB7193854E316C5B2C121B7BCA18A4D5493BFC579ACA21CBFF360466290D,01E15CC6026673C73040D356CC29,dev-poojan.myshopify.com|2023-04,2024-05-02T13|04|58Z,MOB,49.205.136.53,,,N,,,,,0.00,,,,,,NA,,,,,NA,Seleno Services Private Limited,,NA,
113273368793,Order,rjbkO7tPtT5hQzL4U4HIh4PRG,2024-05-02 19:16:40.51,,OT-ORD,Credit Card,Credit Card,MasterCard,INR,1053.00,0.00,1053.00,20.53,0.00,0.00,0.00,Swaraa Patil,Bldg122/flat1502/wing1B/  Bhakti heights/ Tilak nagar / chembur,Mumbai,Maharashtra,400089,India,97690 42845,ararthrika@gmail.com,Swaraa Patil,Bldg122/flat1502/wing1B/  Bhakti heights/ Tilak nagar / chembur,Mumbai,Maharashtra,400089,India,97690 42845,,,https://dev-poojan.myshopify.com,,Unsuccessful,,Domestic,,,,3DE095E64C4288FA4611619A5D70CD6FE09EDF1FB0C8FA8B671C670DA39076BD8C2A4A3399339A8678101DC49042B2ABC02E,AF5F63B77B6642076AC941E25D3B,dev-poojan.myshopify.com|2023-04,2024-05-02T13|46|37Z,MOB,49.36.8.193,tWMTV684T6c2z2WDpg51,,N,,,,,0.00,,,,,,xxxxxx xxxxxx 6111,,,Axis Bank,HDFC Bank,NA,Seleno Services Private Limited,,NA,
113273525050,Order,rjQ1K7FnrDvUcZDzB4ihxyDhK,2024-05-02 21:04:29.973,,OT-ORD,,,,INR,1002.00,0.00,1002.00,,,,0.00,Arathi pandit,Manu K AnandNo 103rd main shrikanteshwarnagarnear Mahalaksmi layout Bangalore 96  Ramani Nilaya opposite home  near More shop shankar Nagar road,Bangalore,Karnataka,560096,India,,pandit.arathi@gmail.com,,,,,,,,,,https://dev-poojan.myshopify.com,,Initiated,,,,,,3DE095E64C4288FA4611619A5D70CD6FE612C8D246ABF81D1DE1394190B24955F4C0FF4B28686056B01C41F8FDF42A09B5EA,7B9E997007ED71A40E9EC89FEBF5,dev-poojan.myshopify.com|2023-04,2024-05-02T15|34|26Z,MOB,49.205.136.53,,,N,,,,,0.00,,,,,,NA,,,,,NA,Seleno Services Private Limited,,NA,
113273587918,Order,rKQTBG8SKhtEuu34PFp59M6kU,2024-05-02 22:04:49.09,,OT-ORD,,,,INR,2757.00,0.00,2757.00,,,,0.00,Ramakrishna Tammisetti,3-800  Industrial colony nulakapeta tadepalli Guntur district,Guntur,Andhra Pradesh,522501,India,,rmkrishna298@gmail.com,,,,,,,,,,https://dev-poojan.myshopify.com,,Initiated,,,,,,3DE095E64C4288FA4611619A5D70CD6F7768E38CBA79DE4850A4ECCFB5170773375B7C67400A4DD9B54035AFF870B7BC6337,BCFA0B2E33705AE1A42BE5B7F949,dev-poojan.myshopify.com|2023-04,2024-05-02T16|34|46Z,MOB,175.101.108.98,,,N,,,,,0.00,,,,,,NA,,,,,NA,Seleno Services Private Limited,,NA,
113273655631,Order,rXbSBTVYYrKc4jt2XJjbMepjv,2024-05-02 23:44:18.823,,OT-ORD,Unified Payments,Unified Payments,UPI,INR,1606.00,0.00,1606.00,8.03,0.00,1.45,0.00,Bernadette Lakra,Flat No. 53 sec. 18 B MIG DDA FLAT PINK APARTMENT  Pink Apartment,Dwarka New Delhi,Delhi,110075,India,919873850886,bernalakra@gmail.com,Bernadette Lakra,Flat No. 53 sec. 18 B MIG DDA FLAT PINK APARTMENT  Pink Apartment,Dwarka New Delhi,Delhi,110075,India,919873850886,,,https://dev-poojan.myshopify.com,,Awaited,,,,,,3DE095E64C4288FA4611619A5D70CD6F9AC408CE997655B3D8CF6DAFF48A6F1016112830346210F0F92580E8DD5A4209FE9B,6A54728D04F2A29758230FE9FE89,dev-poojan.myshopify.com|2023-04,2024-05-02T18|14|16Z,MOB,122.176.195.233,,,N,,,,,0.00,,,,,,NA,,,ICICI Bank,,NA,Seleno Services Private Limited,,NA,
113273657988,Order,rAAyLJiMsGsLxuF7bzgHFwqJv,2024-05-02 23:49:17.087,,OT-ORD,,,,INR,1606.00,0.00,1606.00,,,,0.00,Bernadette Lakra,Flat No. 53 sec. 18 B MIG DDA FLAT PINK APARTMENT  Pink Apartment,Dwarka New Delhi,Delhi,110075,India,919873850886,,,,,,,,919873850886,,,https://dev-poojan.myshopify.com,,Initiated,,,,,,3DE095E64C4288FA4611619A5D70CD6F7FA41B1D963E18C53C78D7DD2200802E031D6057ABE50A27B41A846355904627057F,E7C369E8D89F9714F000DEA7DDCF,dev-poojan.myshopify.com|2023-04,2024-05-02T18|19|13Z,MOB,122.176.195.233,,,N,,,,,0.00,,,,,,NA,,,,,NA,Seleno Services Private Limited,,NA,
113273658583,Order,rX42M1IwJd0brGN1XunvKcnx2,2024-05-02 23:50:40.25,,OT-ORD,,,,INR,1606.00,0.00,1606.00,,,,0.00,Bernadette Lakra,Flat No. 53 sec. 18 B MIG DDA FLAT PINK APARTMENT  Pink Apartment,Dwarka New Delhi,Delhi,110075,India,919873850886,,,,,,,,919873850886,,,https://dev-poojan.myshopify.com,Cancel reason is not specified by the customer.,Aborted,,,,,,3DE095E64C4288FA4611619A5D70CD6FEDDB460A3AC1A761F9974C3DF6A6C3B71D999AB19669811A64CC02D92B433B3073A8,AC928C16E244FD661279F1920B22,dev-poojan.myshopify.com|2023-04,2024-05-02T18|20|37Z,MOB,122.176.195.233,,,N,,,,,0.00,,,,,,NA,,,,,NA,Seleno Services Private Limited,,NA,
113273658972,Order,rMahmQ7tkYGcGETj3NIpuKIDd,2024-05-02 23:51:32.05,,OT-ORD,,,,INR,1606.00,0.00,1606.00,,,,0.00,Bernadette Lakra,Flat No. 53 sec. 18 B MIG DDA FLAT PINK APARTMENT  Pink Apartment,Dwarka New Delhi,Delhi,110075,India,919873850886,,,,,,,,919873850886,,,https://dev-poojan.myshopify.com,,Initiated,,,,,,3DE095E64C4288FA4611619A5D70CD6FAFF4F245B93D0EECE92CD959DD377D4161B847CE830C11E3F977051BC4BF6E004439,0821E12723BBA755A978AAD51C07,dev-poojan.myshopify.com|2023-04,2024-05-02T18|21|29Z,MOB,122.176.195.233,,,N,,,,,0.00,,,,,,NA,,,,,NA,Seleno Services Private Limited,,NA,
113273659242,Order,rs8gMP1IxEEMW3KRkVZmD7zqf,2024-05-02 23:52:12.403,,OT-ORD,,,,INR,1606.00,0.00,1606.00,,,,0.00,Bernadette Lakra,Flat No. 53 sec. 18 B MIG DDA FLAT PINK APARTMENT  Pink Apartment,Dwarka New Delhi,Delhi,110075,India,919873850886,,,,,,,,919873850886,,,https://dev-poojan.myshopify.com,,Initiated,,,,,,3DE095E64C4288FA4611619A5D70CD6F571889A83C48128036D5983C25D85BA0E9A57564F21D02943BDA9C195B6F8758B290,E28F0D1535D74F737E619AD43576,dev-poojan.myshopify.com|2023-04,2024-05-02T18|22|09Z,MOB,122.176.195.233,,,N,,,,,0.00,,,,,,NA,,,,,NA,Seleno Services Private Limited,,NA,
113273677400,Order,r3GI5kGwNrtbFe4KyziOg3Rq8,2024-05-03 00:44:34.367,,OT-ORD,Unified Payments,Unified Payments,UPI,INR,952.00,0.00,952.00,4.76,0.00,0.86,0.00,Timma Srivastava,Flat 17 Dhavalgiri Apts Near Gaikwad Petrol Pump Aundh Pune  Flat 17 Dhavalgiri Apts Near Gaikwad Petrol Pump Aundh Pune,Pune,Maharashtra,411007,India,8600230701,abhijit.srivastava@gmail.com,Timma Srivastava,Flat 17 Dhavalgiri Apts Near Gaikwad Petrol Pump Aundh Pune  Flat 17 Dhavalgiri Apts Near Gaikwad Petrol Pump Aundh Pune,Pune,Maharashtra,411007,India,8600230701,,,https://dev-poojan.myshopify.com,Initiation Failed-NA-2,Aborted,,,,,,3DE095E64C4288FA4611619A5D70CD6FE49B9AFE8A03ECAD087A686FD1AE0C0CC19939B039A06EC76AC2B44DF33C3BA920E0,374E5C1FDD8073AB870C0A2C297B,dev-poojan.myshopify.com|2023-04,2024-05-02T19|14|32Z,MOB,49.205.255.73,,,N,,,,,0.00,,,,9820156680@paytm,,NA,Initiation Failed,2,ICICI Bank,,NA,Seleno Services Private Limited,,NA,
