CCAvenue Ref#,order type,Order No,Order Datetime,Ship Date Time,order_type,Payment Mode,Card Type,Card Name,Currency,Gross Amount,Discount,Order Amount,Fee Perc Value,Fee Flat,Tax,TDS,Bill Name,Bill Address,Bill City,Bill State,Bill Zip,Bill Country,Bill Tel,Bill Email,ship Name,Ship Address,Ship City,Ship State,Ship Zip,Ship Country,Ship Tel,Instructions,Fraud Status,Website URL,Order Bank Response,Order Status,Sub Acc Id,Order Bin Country,Order Stlmt Date,Card Enrolled,Merchant Param1,Merchant Param2,Merchant Param3,Merchant Param4,Merchant Param5,Device Type,Customer IP,order_bank_ref_no,order_bank_arn_no,order_split_payout,emi_issuing_bank,tenure_duration,emi_discount_type,emi discount value,order capt amt,Merchant Charge Ref,Order BankQSI,TPV Account No.,order_vpa,AAN No,Card_Number,NPCI Message,NPCI Code,acquiring Bank,Issuing Bank,Bank Tid,Legal Entity Name,Dba Name,Transaction Tid,dispute_status
113276120468,Order,rvT6sX3Q7Bs3LMYaiojbldLkq,2024-05-05 00:09:31.06,,OT-ORD,Credit Card,Credit Card,Visa,INR,851.00,0.00,851.00,16.59,0.00,0.00,0.00,Aparna Sherma,76 MIG Hanuman Nagar  Kankarbagh,Patna,Bihar,800020,India,9431023793,toaparnasharma@gmail.com,Aparna Sherma,76 MIG Hanuman Nagar  Kankarbagh,Patna,Bihar,800020,India,9431023793,,,https://dev-poojan.myshopify.com,,Unsuccessful,,Domestic,,,,3DE095E64C4288FA4611619A5D70CD6FAEF546D727CE9A81BB624E7A9C774FA0DEBEAB0349931F929688A1998B0778FFEC06,2736E702E91070DEEE397F69B788,dev-poojan.myshopify.com|2023-04,2024-05-04T18|39|28Z,MOB,49.36.179.100,,,N,,,,,0.00,,,,,,xxxxxx xxxxxx 3274,,,Axis Bank,HDFC Bank,NA,Seleno Services Private Limited,,NA,
113276129259,Order,rwITkuPHrl0x7HuqhWgt0Dkb1,2024-05-05 00:38:15.783,,OT-ORD,Unified Payments,Unified Payments,UPI,INR,1402.00,0.00,1402.00,7.01,0.00,1.26,0.00,Milind Tapodhan,3 Arvachin Society Opp Bopal Gram Panchayat  Behind Amidhara society Bopal,Ahmedabad,Gujarat,380058,India,917229063883,dr.milindtapodhan@gmail.com,Milind Tapodhan,3 Arvachin Society Opp Bopal Gram Panchayat  Behind Amidhara society Bopal,Ahmedabad,Gujarat,380058,India,917229063883,,,https://dev-poojan.myshopify.com,Initiated but Interval Time Out-NA-0,Unsuccessful,,,,,,3DE095E64C4288FA4611619A5D70CD6FD72187D07799C537F9124BA70F3ADE9F05D62C0C0C985BB08159D73C21EA0B0779CA,DF0AA2B6F731AA966D83E5178BB7,dev-poojan.myshopify.com|2023-04,2024-05-04T19|08|12Z,MOB,106.221.65.114,412666249594,,N,,,,,0.00,,,,dr.milindtapodhan@oksbi,,NA,Initiated but Interval Time Out,0,ICICI Bank,,NA,Seleno Services Private Limited,,NA,
113276129930,Order,rVXG0LU0Mnx3oyJkK5gTX4rgP,2024-05-05 00:41:07.27,,OT-ORD,Unified Payments,Unified Payments,UPI,INR,1402.00,0.00,1402.00,7.01,0.00,1.26,0.00,Milind Tapodhan,3 Arvachin Society Opp Bopal Gram Panchayat  Behind Amidhara society Bopal,Ahmedabad,Gujarat,380058,India,917229063883,dr.milindtapodhan@gmail.com,Milind Tapodhan,3 Arvachin Society Opp Bopal Gram Panchayat  Behind Amidhara society Bopal,Ahmedabad,Gujarat,380058,India,917229063883,,,https://dev-poojan.myshopify.com,Initiated but Interval Time Out-NA-0,Unsuccessful,,,,,,3DE095E64C4288FA4611619A5D70CD6F92C746C83463F3E5AA68A599E44A1C41D2C6372BCE87C0A0BF62BB20A99CEC8616A2,5B2120FDF621BC6BD7AEED2D2941,dev-poojan.myshopify.com|2023-04,2024-05-04T19|11|04Z,MOB,106.221.65.114,412666251856,,N,,,,,0.00,,,,dr.milindtapodhan@oksbi,,NA,Initiated but Interval Time Out,0,ICICI Bank,,NA,Seleno Services Private Limited,,NA,
113276130473,Order,rLu5ZrINUV2BBpNOjTGyTY6dH,2024-05-05 00:43:07.87,,OT-ORD,Debit Card,Debit Card,MasterCard Debit Card,INR,1402.00,0.00,1402.00,17.53,0.00,0.00,0.00,Milind Tapodhan,3 Arvachin Society Opp Bopal Gram Panchayat  Behind Amidhara society Bopal,Ahmedabad,Gujarat,380058,India,917229063883,dr.milindtapodhan@gmail.com,Milind Tapodhan,3 Arvachin Society Opp Bopal Gram Panchayat  Behind Amidhara society Bopal,Ahmedabad,Gujarat,380058,India,917229063883,,,https://dev-poojan.myshopify.com,Decline - Inactive card or card not authorized for card-not-present transactions.,Unsuccessful,,Domestic,,,,3DE095E64C4288FA4611619A5D70CD6F1C27FDE56AB645BD434C5D405AFC470673B9B83C9E143F61BFD26E650EF9CCA8706C,846139DFA5149182A81170BBEE81,dev-poojan.myshopify.com|2023-04,2024-05-04T19|13|04Z,MOB,106.221.65.114,OZmLphtfHVkeGFR0vqH1,,N,,,,,0.00,,7148500981466029705964,,,,xxxxxx xxxxxx 0076,,,Axis Bank,Canara Bank,NA,Seleno Services Private Limited,,NA,
113276131162,Order,r35VnboZ8Z1MZG49BmClWAYyU,2024-05-05 00:46:10.2,,OT-ORD,Debit Card,Debit Card,MasterCard Debit Card,INR,1402.00,0.00,1402.00,17.53,0.00,0.00,0.00,Milind Tapodhan,3 Arvachin Society Opp Bopal Gram Panchayat  Behind Amidhara society Bopal,Ahmedabad,Gujarat,380058,India,917229063883,dr.milindtapodhan@gmail.com,Milind Tapodhan,3 Arvachin Society Opp Bopal Gram Panchayat  Behind Amidhara society Bopal,Ahmedabad,Gujarat,380058,India,917229063883,,,https://dev-poojan.myshopify.com,Decline - Inactive card or card not authorized for card-not-present transactions.,Unsuccessful,,Domestic,,,,3DE095E64C4288FA4611619A5D70CD6F7F088B849246DE75D2D2183C8D3C629A408786E12824C622015A25B02F059817A766,E3D14AA0BAC90891D6079921D6D8,dev-poojan.myshopify.com|2023-04,2024-05-04T19|16|08Z,MOB,106.221.65.114,p2jHp4mhjc8TfjNfwY01,,N,,,,,0.00,,7148502669446219305958,,,,xxxxxx xxxxxx 0076,,,Axis Bank,Canara Bank,NA,Seleno Services Private Limited,,NA,
113276131609,Order,rau5TiK9UIaUzg2Ou1SbFjjT0,2024-05-05 00:48:33.78,,OT-ORD,Unified Payments,Unified Payments,UPI,INR,1402.00,0.00,1402.00,7.01,0.00,1.26,0.00,Milind Tapodhan,3 Arvachin Society Opp Bopal Gram Panchayat  Behind Amidhara society Bopal,Ahmedabad,Gujarat,380058,India,917229063883,dr.milindtapodhan@gmail.com,Milind Tapodhan,3 Arvachin Society Opp Bopal Gram Panchayat  Behind Amidhara society Bopal,Ahmedabad,Gujarat,380058,India,917229063883,,,https://dev-poojan.myshopify.com,Initiated but Interval Time Out-NA-0,Unsuccessful,,,,,,3DE095E64C4288FA4611619A5D70CD6FA5A37BEF73D71FBEA2851223B79921C0D512755AAF34A9E6B38CC1A7CFC667629322,DC91D9FBFAFD04D8511A452A2FB5,dev-poojan.myshopify.com|2023-04,2024-05-04T19|18|30Z,MOB,106.221.65.114,412666262168,,N,,,,,0.00,,,,dr.milindtapodhan@oksbi,,NA,Initiated but Interval Time Out,0,ICICI Bank,,NA,Seleno Services Private Limited,,NA,
113276133149,Order,rpvSCQRXnGwrqoeVgclLr3FSf,2024-05-05 00:56:13.553,,OT-ORD,,,,INR,1103.00,0.00,1103.00,,,,0.00,Manali Parab,Maitri Tower Louis Wadi Thane West  Maitri Tower,Thane,Maharashtra,400604,India,919372304194,,,,,,,,919372304194,,,https://dev-poojan.myshopify.com,,Initiated,,,,,,3DE095E64C4288FA4611619A5D70CD6FFCA7F67555A6166258137647FA7C232027685FC6451F2600A177A74D5DC377D5ADEA,9009106B802F3654AB80FB1298A3,dev-poojan.myshopify.com|2023-04,2024-05-04T19|26|10Z,MOB,103.153.151.242,,,N,,,,,0.00,,,,,,NA,,,,,NA,Seleno Services Private Limited,,NA,
113276155513,Order,rLUthgKtjRrkAegvRppoiPRGa,2024-05-05 05:10:21.65,,OT-ORD,Unified Payments,Unified Payments,UPI,INR,1101.00,0.00,1101.00,5.51,0.00,0.99,0.00,Hema Gopi,30 Ganapathy Nagar Coimbatore  Ganapathy,Coimbatore,Tamil Nadu,641006,India,9751639619,gpooja_2001@hotmail.com,Hema Gopi,30 Ganapathy Nagar Coimbatore  Ganapathy,Coimbatore,Tamil Nadu,641006,India,9751639619,,,https://dev-poojan.myshopify.com,,Awaited,,,,,,3DE095E64C4288FA4611619A5D70CD6F1362BE7E1668C4A7F167D4E1D69E9F2107027AB55401D5D04DBB787375A31B2D05B6,8B658E2151C8AC7E989A736C810B,dev-poojan.myshopify.com|2023-04,2024-05-04T23|40|18Z,MOB,49.206.115.115,,,N,,,,,0.00,,,,,,NA,,,ICICI Bank,,NA,Seleno Services Private Limited,,NA,
113276155826,Order,rBcyu1FF2oo9zwAMPxjlHGnVG,2024-05-05 05:14:42.577,,OT-ORD,,,,INR,1101.00,0.00,1101.00,,,,0.00,Hema Gopi,30 Ganapathy Nagar Coimbatore  Ganapathy,Coimbatore,Tamil Nadu,641006,India,,gpooja_2001@hotmail.com,,,,,,,,,,https://dev-poojan.myshopify.com,,Initiated,,,,,,3DE095E64C4288FA4611619A5D70CD6F3B76D16EC5C22CB3A844BF5D748AECD954D7C024A4DD6D3A24918FF9A7E3235D958E,7D8CFCA87864220DAA4DD99B9C42,dev-poojan.myshopify.com|2023-04,2024-05-04T23|44|40Z,MOB,49.206.115.115,,,N,,,,,0.00,,,,,,NA,,,,,NA,Seleno Services Private Limited,,NA,
113276212178,Order,rf5qfanJwyH2U5xYBZHGAQwPx,2024-05-05 08:23:23.58,,OT-ORD,,,,INR,2202.00,0.00,2202.00,,,,0.00,Krishnaveni Varada,Hno 210 West park road no 2 Vayupuri sainikpuri po  Hno 210,Secunderabad,Telangana,500094,India,,venivarada@gmail.com,,,,,,,,,,https://dev-poojan.myshopify.com,,Initiated,,,,,,3DE095E64C4288FA4611619A5D70CD6F1D1C6D1F87540DE75F676EF2B449A6E11EB321BA5E715F38DC30E431F362B2049576,BE08F95EB64016976493A46430E1,dev-poojan.myshopify.com|2023-04,2024-05-05T02|53|21Z,MOB,49.37.159.222,,,N,,,,,0.00,,,,,,NA,,,,,NA,Seleno Services Private Limited,,NA,
113276212991,Order,rDTUwULJNSHY9FrwllAxNaJnH,2024-05-05 08:24:46.113,,OT-ORD,,,,INR,1101.00,0.00,1101.00,,,,0.00,Hema Gopi,30 Ganapathy Nagar Coimbatore  Ganapathy,Coimbatore,Tamil Nadu,641006,India,,gpooja_2001@hotmail.com,,,,,,,,,,https://dev-poojan.myshopify.com,,Initiated,,,,,,3DE095E64C4288FA4611619A5D70CD6F7782AE15EAB46B329AA6C9544F901411A4328D010427D6C5584AD2577C9D6AC30401,B93133205AE0FAF3157243B63861,dev-poojan.myshopify.com|2023-04,2024-05-05T02|54|44Z,MOB,49.206.115.115,,,N,,,,,0.00,,,,,,NA,,,,,NA,Seleno Services Private Limited,,NA,
113276320897,Order,rrja0XxPsv1zbBD9H2mM1Bmkt,2024-05-05 10:32:02.57,,OT-ORD,Unified Payments,Unified Payments,UPI,INR,1103.00,0.00,1103.00,5.52,0.00,0.99,0.00,Jinal Nitinbhai Pethani,E-502 Mahamangliya Residency Shukaltirth Road Zadeshwar Chokdi  Zadeshwar,Bharuch,Gujarat,392011,India,919687619329,nitinpethani2@gmail.com,Jinal Nitinbhai Pethani,E-502 Mahamangliya Residency Shukaltirth Road Zadeshwar Chokdi  Zadeshwar,Bharuch,Gujarat,392011,India,919687619329,,,https://dev-poojan.myshopify.com,Initiation Failed-NA-2,Aborted,,,,,,3DE095E64C4288FA4611619A5D70CD6F3EA53169B8A591839D3EF19232F1BD0DFADB366DEF9675B5F843D2CD12FD8EBB2327,54297D042857953BEA27CB631F3F,dev-poojan.myshopify.com|2023-04,2024-05-05T05|01|55Z,MOB,152.58.34.250,,,N,,,,,0.00,,,,nitinpethani2@okhdfc,,NA,Initiation Failed,2,ICICI Bank,,NA,Seleno Services Private Limited,,NA,
113276369444,Order,r2GbrRxUwJk3kAxWx411xtvng,2024-05-05 11:16:07.777,,OT-ORD,,,,INR,851.00,0.00,851.00,,,,0.00,Rajiv singh Parihar,Shiksha Vihar Ramnagariya  Radha krishna Enclave,Jaipur,Rajasthan,303017,India,919351365999,,,,,,,,919351365999,,,https://dev-poojan.myshopify.com,,Initiated,,,,,,3DE095E64C4288FA4611619A5D70CD6F5E83577088F184C9AD656CB4F0639A1980D28DA660F1DDF42E96A603E723DB6F4ADC,7B007F093AC7FED99EE66CAE1F77,dev-poojan.myshopify.com|2023-04,2024-05-05T05|46|05Z,MOB,103.59.75.191,,,N,,,,,0.00,,,,,,NA,,,,,NA,Seleno Services Private Limited,,NA,
113276402319,Order,roypHTIHMAgZLB6OMiixvFYGP,2024-05-05 11:44:42.533,,OT-ORD,,,,INR,1106.30,0.00,1106.30,,,,0.00,Tanumeet Kaur,7326 Haskell Avenue  Apt1,Los Angeles,California,91406,United States,,tanuk30@gmail.com,,,,,,,,,,https://dev-poojan.myshopify.com,,Initiated,,,,,,3DE095E64C4288FA4611619A5D70CD6F1CB35ED52AF3DA702B4CF18D5DA4E82DC3129206EEAB3469B6D7750994CF9C8B2A7A,18858DCD2A246339D58D655893BB,dev-poojan.myshopify.com|2023-04,2024-05-05T06|14|38Z,MOB,172.89.182.178,,,N,,,,,0.00,,,,,,NA,,,,,NA,Seleno Services Private Limited,,NA,
113276927436,Order,rMK776rMi3zQFy57xW6fBn7T6,2024-05-05 20:51:32.883,,OT-ORD,Unified Payments,Unified Payments,UPI,INR,952.00,0.00,952.00,4.76,0.00,0.86,0.00,Chaitra Venkatesh,#105 1st floor Shree Tirumala Meadows Apartments  Kodipalya  Bangalore.  Land Mark - Near Vishwa Venkateshwara international school.  Shree Tirumala Meadows Apartments Kodipalya,Bangalore,Karnataka,560060,India,9740077831,chaitra.venky29@gmail.com,Chaitra Venkatesh,#105 1st floor Shree Tirumala Meadows Apartments  Kodipalya  Bangalore.  Land Mark - Near Vishwa Venkateshwara international school.  Shree Tirumala Meadows Apartments Kodipalya,Bangalore,Karnataka,560060,India,9740077831,,,https://dev-poojan.myshopify.com,,Awaited,,,,,,3DE095E64C4288FA4611619A5D70CD6FF0C787065389F38EBB3A3E964B664E54A9D1922E8AADD3A9826CB1A5A68A1AF2622B,DCAA412B67BBBDD35390C59D574B,dev-poojan.myshopify.com|2023-04,2024-05-05T15|21|30Z,MOB,49.207.241.137,,,N,,,,,0.00,,,,,,NA,,,ICICI Bank,,NA,Seleno Services Private Limited,,NA,
113277083001,Order,rTguo95JY7qbzPJwQYEVB2W8x,2024-05-06 05:38:07.707,,OT-ORD,Credit Card,Credit Card,Visa,INR,1852.00,0.00,1852.00,36.11,0.00,0.00,0.00,Praveen Patil,48 Mt cloth market M.T Cloth Market        MIM,Indore,Madhya Pradesh india,452015,India,9977667025,Praveen.patil099@gmail.com,Praveen Patil,48,Indore,Madhya Pradesh,452015,India,9977255571,,,https://dev-poojan.myshopify.com,,Unsuccessful,,Domestic,,,,3DE095E64C4288FA4611619A5D70CD6FF54B38B90C2CFF1D456BDC399644633BC97A6842B2D4280AC5282DF4EC8494D9A50B,8DAB2807314F9F33DDC8A87DC3B5,dev-poojan.myshopify.com|2023-04,2024-05-06T00|08|01Z,MOB,110.224.189.165,,,N,,,,,0.00,,,,,,xxxxxx xxxxxx 8006,,,Axis Bank,DBS,NA,Seleno Services Private Limited,,NA,
113277084954,Order,rZJMFZJ0cdmOcvUbnNbDjIfNY,2024-05-06 05:53:42.137,,OT-ORD,,,,INR,1852.00,0.00,1852.00,,,,0.00,Praveen Patil,48 Mt cloth market M.T Cloth Market        MIM,,,452015,India,,Praveen.patil099@gmail.com,,,,,,,,,,https://dev-poojan.myshopify.com,,Initiated,,,,,,3DE095E64C4288FA4611619A5D70CD6F443D467A452CE69B83DD085EC13085B0D0AE31A7B558481A949D2B2994DE59C99CD5,014D640FCF97F42ACFA719A237DB,dev-poojan.myshopify.com|2023-04,2024-05-06T00|23|37Z,MOB,110.224.189.165,,,N,,,,,0.00,,,,,,NA,,,,,NA,Seleno Services Private Limited,,NA,
113277085531,Order,rdETirEkdkLIUSXc0TTGMfPWI,2024-05-06 05:57:50.967,,OT-ORD,,,,INR,1852.00,0.00,1852.00,,,,0.00,Praveen Patil,48 Mt cloth market M.T Cloth Market        MIM,,Madhya Pradesh,452015,India,,Praveen.patil099@gmail.com,,,,,,,,,,https://dev-poojan.myshopify.com,,Initiated,,,,,,3DE095E64C4288FA4611619A5D70CD6F3EF38E28E244C28B193FD6C8EF96DCC8F24808DD2AF3D3C4E236CC71B92441A11A47,CB528EF7124341C46B5D771F0B9A,dev-poojan.myshopify.com|2023-04,2024-05-06T00|27|45Z,MOB,110.224.189.165,,,N,,,,,0.00,,,,,,NA,,,,,NA,Seleno Services Private Limited,,NA,
113277108381,Order,r5kAORYHMfurMlSxxQmZTXbko,2024-05-06 07:16:31.163,,OT-ORD,,,,INR,1954.00,0.00,1954.00,,,,0.00,Suraj Gope,Surajgope455gmail Com  Sunshine enclave,Jamshedpur,Jharkhand,831012,India,917061293511,,,,,,,,917061293511,,,https://dev-poojan.myshopify.com,,Initiated,,,,,,3DE095E64C4288FA4611619A5D70CD6F69B1ACBC507DCA1F764DC21239ACFFA777D09EA6C6BFD3A31731642E1651FD6D8561,6ADEFA1238B52DED8C9994244F74,dev-poojan.myshopify.com|2023-04,2024-05-06T01|46|28Z,MOB,152.58.148.80,,,N,,,,,0.00,,,,,,NA,,,,,NA,Seleno Services Private Limited,,NA,
113277369696,Order,r7bR68HY6OrGJdsxBn70LGaSk,2024-05-06 11:25:13.237,,OT-ORD,,,,INR,851.00,0.00,851.00,,,,0.00,KRIPA SHANKAR,PhArmaseuticals Colony  Near Bhagwat Nager,Patna,Bihar,800026,India,919430606143,,,,,,,,919430606143,,,https://dev-poojan.myshopify.com,,Initiated,,,,,,3DE095E64C4288FA4611619A5D70CD6FD063644D1D0A4DDF4EF9114ABA4FFFC1E595CECEC932F2EEFA1FF1CDCB0800EF4DA9,E154A40C51CD2E5A29A73443ED74,dev-poojan.myshopify.com|2023-04,2024-05-06T05|55|09Z,MOB,157.35.74.163,,,N,,,,,0.00,,,,,,NA,,,,,NA,Seleno Services Private Limited,,NA,
113277679755,Order,rtdv6hevt0iJ119tbjkd6giDa,2024-05-06 14:41:28.63,,OT-ORD,,,,INR,851.00,0.00,851.00,,,,0.00,Vijay Tamta,156 A Shiv Nagar Near Kedarpuram Defence colony  Near Joshi General Store,Dehradun,Uttarakhand,248001,India,,vijaytamta@yahoo.com,,,,,,,,,,https://dev-poojan.myshopify.com,,Initiated,,,,,,3DE095E64C4288FA4611619A5D70CD6FD4413137141958A778B4E6E47A9190D2E6A8CAF9B551548446154219C7382E01A6EF,85D042F6222CAE48793D5D2FD104,dev-poojan.myshopify.com|2023-04,2024-05-06T09|11|24Z,MOB,106.223.183.218,,,N,,,,,0.00,,,,,,NA,,,,,NA,Seleno Services Private Limited,,NA,
113277745339,Order,rN352Q9ERjVZ5f7m9VePpgWxp,2024-05-06 15:28:57.6,,OT-ORD,Unified Payments,Unified Payments,UPI,INR,1553.00,0.00,1553.00,7.77,0.00,1.40,0.00,Arathi Pandit,No 103rd main shrikanteshwarnagar opposite to Ramani Nilaya house near Mahalaksmi layout bus stop road  mahalakshmi layout  Opposite to Ramani Nilaya house near Mahalaksmi layout bus stop  Bangalore,Bangalore,Karnataka,560096,India,9591770018,pandit.arathi@gmail.com,Arathi Pandit,No 103rd main shrikanteshwarnagar opposite to Ramani Nilaya house near Mahalaksmi layout bus stop road  mahalakshmi layout  Opposite to Ramani Nilaya house near Mahalaksmi layout bus stop  Bangalore,Bangalore,Karnataka,560096,India,9591770018,,,https://dev-poojan.myshopify.com,,Awaited,,,,,,3DE095E64C4288FA4611619A5D70CD6F2C30703E6FEA704429F9D80972A859E8FE4084A3FCD6328653D41430D88DFD9066E9,7E1F543C1C5E50215B96A2347C48,dev-poojan.myshopify.com|2023-04,2024-05-06T09|58|54Z,MOB,49.205.138.165,,,N,,,,,0.00,,,,,,NA,,,ICICI Bank,,NA,Seleno Services Private Limited,,NA,
113277747852,Order,rLYXYOTeqKRrlkRFvmKek3Rj6,2024-05-06 15:30:43.69,,OT-ORD,,,,INR,1553.00,0.00,1553.00,,,,0.00,Arathi Pandit,No 103rd main shrikanteshwarnagar opposite to Ramani Nilaya house near Mahalaksmi layout bus stop road  mahalakshmi layout  Opposite to Ramani Nilaya house near Mahalaksmi layout bus stop  Bangalore,Bangalore,Karnataka,560096,India,,pandit.arathi@gmail.com,,,,,,,,,,https://dev-poojan.myshopify.com,,Initiated,,,,,,3DE095E64C4288FA4611619A5D70CD6FC684ACD128569B9B15B64B0763BFB1834EEF9321BB7DF74DF68D2DF40C9035EC9CD1,D51C65BF7938F90392FD05AE8612,dev-poojan.myshopify.com|2023-04,2024-05-06T10|00|40Z,MOB,49.205.138.165,,,N,,,,,0.00,,,,,,NA,,,,,NA,Seleno Services Private Limited,,NA,
113278013394,Order,rbiyVmrQig4sY0nCIbJovxedC,2024-05-06 17:52:10.843,,OT-ORD,,,,INR,1851.00,0.00,1851.00,,,,0.00,Akhila Uthappa,Lakshmi madical opposite to basaveshwara temple road ponnampet  Lakshmi madical,Ponnampet,Karnataka,571216,India,917349314793,,,,,,,,917349314793,,,https://dev-poojan.myshopify.com,,Initiated,,,,,,3DE095E64C4288FA4611619A5D70CD6F7664BB16F6919B55ABD7FB0244854C09716290806F3D362401A33221109D0DA8337F,9E64829E50F50D2A95D7F366E11E,dev-poojan.myshopify.com|2023-04,2024-05-06T12|22|08Z,MOB,106.216.162.76,,,N,,,,,0.00,,,,,,NA,,,,,NA,Seleno Services Private Limited,,NA,
