CCAvenue Ref#,order type,Order No,Order Datetime,Ship Date Time,order_type,Payment Mode,Card Type,Card Name,Currency,Gross Amount,Discount,Order Amount,Fee Perc Value,Fee Flat,Tax,TDS,Bill Name,Bill Address,Bill City,Bill State,Bill Zip,Bill Country,Bill Tel,Bill Email,ship Name,Ship Address,Ship City,Ship State,Ship Zip,Ship Country,Ship Tel,Instructions,Fraud Status,Website URL,Order Bank Response,Order Status,Sub Acc Id,Order Bin Country,Order Stlmt Date,Card Enrolled,Merchant Param1,Merchant Param2,Merchant Param3,Merchant Param4,Merchant Param5,Device Type,Customer IP,order_bank_ref_no,order_bank_arn_no,order_split_payout,emi_issuing_bank,tenure_duration,emi_discount_type,emi discount value,order capt amt,Merchant Charge Ref,Order BankQSI,TPV Account No.,order_vpa,AAN No,Card_Number,NPCI Message,NPCI Code,acquiring Bank,Issuing Bank,Bank Tid,Legal Entity Name,Dba Name,Transaction Tid,dispute_status
113277081088,Order,rOVLkKak6sv5Qc5f3pOGHz76Y,2024-05-06 05:18:06.52,2024-05-06 05:31:10.647,OT-ORD,Credit Card,Credit Card,Visa,INR,1305.00,0.00,1305.00,25.45,0.00,0.00,0.00,Pravin Vishveshwar Saonerkar,29th C Cross Road Balaji Layout Kaggadasapura  Raghav Enclave,Bengaluru,Karnataka,560093,India,9901989151,pravin.saonerkar@gmail.com,Pravin Vishveshwar Saonerkar,29th C Cross Road Balaji Layout Kaggadasapura  Raghav Enclave,Bengaluru,Karnataka,560093,India,9901989151,,NR,https://dev-poojan.myshopify.com,SUCCESS,Shipped,,Domestic,,,,3DE095E64C4288FA4611619A5D70CD6F491D5B9A4ADBC6A7D788CD4E57A1F56695171A04878F8C1DFDD049D56BD6063620AF,4AC35FA9A910D06AD29C384CD258,dev-poojan.myshopify.com|2023-04,2024-05-05T23|48|03Z,MOB,49.207.223.10,059778,,N,,,,,1305.00,,202412726469870,,,,xxxxxx xxxxxx 7786,,,State Bank of India,State Bank of India,NA,Seleno Services Private Limited,,NA,
113277182047,Order,rJ5DC6jYeKuzYJinFo8QoijIw,2024-05-06 09:05:30.657,2024-05-06 09:21:29.133,OT-ORD,Net Banking,Net Banking,YES Bank,INR,952.00,0.00,952.00,17.14,0.00,3.09,0.00,Alka Singh,12/15  forth floor  west patel nagar  Ess kay properties,Delhi,Delhi,110008,India,919718511805,alkas006@gmail.com,Alka Singh,12/15  forth floor  west patel nagar  Ess kay properties,Delhi,Delhi,110008,India,919718511805,,NR,https://dev-poojan.myshopify.com,Merchant transaction successfull,Shipped,,,,,,3DE095E64C4288FA4611619A5D70CD6FA26D5FD50335537F7FB3293C13AA395C3E8FEED0BC26122E160496B296B5FC7D2BE0,7A88EC444A36E328D96062009BE6,dev-poojan.myshopify.com|2023-04,2024-05-06T03|35|27Z,MOB,49.36.137.192,111624227065,0,N,,,,,952.00,,,,,,NA,,,Yes bank,,NA,Seleno Services Private Limited,,NA,
113277402371,Order,rETk7I78n0DR1VAJRUjRa4vkC,2024-05-06 11:44:19.6,2024-05-06 12:02:29.79,OT-ORD,Credit Card,Credit Card,Visa,INR,851.00,0.00,851.00,16.59,0.00,0.00,0.00,Aparna Sherma,76 MIG Hanuman Nagar  Kankarbagh,Patna,Bihar,800020,India,9431023793,toaparnasharma@gmail.com,Aparna Sherma,76 MIG Hanuman Nagar  Kankarbagh,Patna,Bihar,800020,India,9431023793,9431023793,NR,https://dev-poojan.myshopify.com,AUTHENTICATION_SUCCESSFUL,Shipped,,Domestic,,,,3DE095E64C4288FA4611619A5D70CD6F76B5FB8812ADFA05C50170385DA8C23A39CF6647AF7113DD57779391135F73BF4B15,187F945F95BE2BF0308F71E32AC7,dev-poojan.myshopify.com|2023-04,2024-05-06T06|14|17Z,PC,49.36.179.100,063130,,N,,,,,851.00,,7149761670196148306957,,,,xxxxxx xxxxxx 3274,,,Axis Bank,HDFC Bank,NA,Seleno Services Private Limited,,NA,
113277446645,Order,rp7rUn80l8cpM47GALertr1Sy,2024-05-06 12:10:12.713,2024-05-06 12:32:27.503,OT-ORD,Unified Payments,Unified Payments,UPI,INR,851.00,0.00,851.00,4.26,0.00,0.77,0.00,Dhhritii Sundar Banikk,GUNJABARI PETROL PUMP Kameswari Road  Opposite of Devine salon,Cooch Behar,West Bengal,736101,India,919733155783,dhhritiisundarbanikk@gmail.com,Dhhritii Sundar Banikk,GUNJABARI PETROL PUMP Kameswari Road  Opposite of Devine salon,Cooch Behar,West Bengal,736101,India,919733155783,,NR,https://dev-poojan.myshopify.com,Success-NA-0,Shipped,,,,,,3DE095E64C4288FA4611619A5D70CD6F05EC809D8752119C5B145ACF84DA3AD544F2615EECE0D45D65B726EBBCFC311CF73D,EE1FAB1C1A9E2EAFD4C43A40C334,dev-poojan.myshopify.com|2023-04,2024-05-06T06|40|09Z,MOB,122.187.154.98,412772160641,,N,,,,,851.00,,,,dhritibanik789-1@okicici,,NA,Success,0,ICICI Bank,,NA,Seleno Services Private Limited,,NA,
113277572369,Order,rnvQ58Y2xeMsYgbtjfUrK7iNs,2024-05-06 13:26:09.1,2024-05-06 13:41:51.407,OT-ORD,Unified Payments,Unified Payments,UPI,INR,952.00,0.00,952.00,4.76,0.00,0.86,0.00,Sandeep Joshi,G-2 Shree Ganesh Krupa Apt  307 Roy Rd Tilakwadi,Belgaum,Karnataka,590006,India,9945099258,drswjoshi@gmail.com,Sandeep Joshi,G-2 Shree Ganesh Krupa Apt  307 Roy Rd Tilakwadi,Belgaum,Karnataka,590006,India,9945099258,,NR,https://dev-poojan.myshopify.com,Success-NA-0,Shipped,,,,,,3DE095E64C4288FA4611619A5D70CD6F8ECCD24F2D8061FF6D746D61F650C6CF35F7E0D7D91ED6C05F263C18A1FB34D9E0EF,12B311F2D2BAD60E3828586DCC1F,dev-poojan.myshopify.com|2023-04,2024-05-06T07|56|07Z,MOB,49.37.163.156,412772512217,,N,,,,,952.00,,,,swj2970@okhdfcbank,,NA,Success,0,ICICI Bank,,NA,Seleno Services Private Limited,,NA,
113277820229,Order,rpKETTQ4LGl4bPLGSOS7p4JOz,2024-05-06 16:20:58.8,2024-05-06 16:41:32.54,OT-ORD,Unified Payments,Unified Payments,UPI,INR,1053.00,0.00,1053.00,5.27,0.00,0.95,0.00,Hunar Kaushal,488 Mandakini Enclave Road Mandakini Enclave Colony Alaknanda  New delhi,New Delhi,Delhi,110019,India,919958733922,hunar@teaminnovative.net,Hunar Kaushal,488 Mandakini Enclave Road Mandakini Enclave Colony Alaknanda  New delhi,New Delhi,Delhi,110019,India,919958733922,,NR,https://dev-poojan.myshopify.com,Success-NA-0,Shipped,,,,,,3DE095E64C4288FA4611619A5D70CD6F3C796BD68070B660A7F8A2E4C0B3365E07CEF1A5F8833D8AFB86914F52F3891781DB,9355261990CA78F050ADB0654D35,dev-poojan.myshopify.com|2023-04,2024-05-06T10|50|56Z,MOB,106.215.91.66,412773240806,,N,,,,,1053.00,,,,9958733922114@paytm,,NA,Success,0,ICICI Bank,,NA,Seleno Services Private Limited,,NA,
113277834166,Order,rClddenJZBT7S7N7m8WzHCdpN,2024-05-06 16:30:47.563,2024-05-06 16:52:01.337,OT-ORD,Unified Payments,Unified Payments,UPI,INR,851.00,0.00,851.00,4.26,0.00,0.77,0.00,Ramachandran K V,18/1056 jail road  Kozhipurathu paramba,Kozhikode,Kerala,673004,India,9895416038,kvr_net@yahoo.com,Ramachandran K V,18/1056 jail road  Kozhipurathu paramba,Kozhikode,Kerala,673004,India,9895416038,,NR,https://dev-poojan.myshopify.com,Success-NA-0,Shipped,,,,,,3DE095E64C4288FA4611619A5D70CD6FD8B86DADC613177E054C60BD1EA7989707457BECCEAED792DB3145992A194091210B,CC5205648D82AACCC013F83C5CCE,dev-poojan.myshopify.com|2023-04,2024-05-06T11|00|43Z,MOB,137.97.66.219,412773286129,,N,,,,,851.00,,,,kvr300@okhdfcbank,,NA,Success,0,ICICI Bank,,NA,Seleno Services Private Limited,,NA,
113278131705,Order,rGppOPBbu45c1iE2T8mFJ3j7h,2024-05-06 18:56:05.7,2024-05-06 19:12:13.247,OT-ORD,Credit Card,Credit Card,Visa,INR,1554.00,0.00,1554.00,30.30,0.00,0.00,0.00,Ravi Varanasi,A 1401 Mahindra Splendour L B S Road Bhandup West  A 1401,Mumbai,Maharashtra,400078,India,9820012844,raviv2107@gmail.com,Ravi Varanasi,A 1401 Mahindra Splendour L B S Road Bhandup West  A 1401,Mumbai,Maharashtra,400078,India,9820012844,,NR,https://dev-poojan.myshopify.com,AUTHENTICATION_SUCCESSFUL,Shipped,,Domestic,,,,3DE095E64C4288FA4611619A5D70CD6F70707C29AC3E8BC07E2D8C62161DA7105B9D0DDCFB4CD5FE104A7F8E8AFD0BD71C0E,DCA0DD65D1F87D85FEFB302A01FD,dev-poojan.myshopify.com|2023-04,2024-05-06T13|26|02Z,MOB,103.195.202.107,659136,,N,,,,,1554.00,,7150020422236427406957,,,,xxxxxx xxxxxx 5003,,,Axis Bank,ICICI BANK,NA,Seleno Services Private Limited,,NA,
113278343582,Order,rBaG5p2kf2duTKtlUWSbx7QCR,2024-05-06 21:22:30.297,2024-05-06 21:41:39.827,OT-ORD,Unified Payments,Unified Payments,UPI,INR,851.00,0.00,851.00,4.26,0.00,0.77,0.00,Palash Bagchi,S8 Soubhagya Apartments South Office Para  Doranda,Ranchi,Jharkhand,834002,India,9820159074,palashbagchi@gmail.com,Palash Bagchi,S8 Soubhagya Apartments South Office Para  Doranda,Ranchi,Jharkhand,834002,India,9820159074,,NR,https://dev-poojan.myshopify.com,Success-NA-0,Shipped,,,,,,3DE095E64C4288FA4611619A5D70CD6F7B2FE1102BC5B30FC8B4C7F5A958813A632059FB638E50842226714261DA1BB36806,7BEEABC396DE57EE06076C30F105,dev-poojan.myshopify.com|2023-04,2024-05-06T15|52|27Z,MOB,223.190.170.23,412774394860,,N,,,,,851.00,,,,palashbagchi@okhdfcbank,,NA,Success,0,ICICI Bank,,NA,Seleno Services Private Limited,,NA,
113278415991,Order,rKI6aXvB7XrlSC2wTDFLJJmnK,2024-05-06 22:45:56.017,2024-05-06 23:01:45.577,OT-ORD,Unified Payments,Unified Payments,UPI,INR,851.00,0.00,851.00,4.26,0.00,0.77,0.00,Naveenchandra Acharya,352 indu fortune villa  Kphb 12,Hyderabad,Telangana,500072,India,8801007936,naveenchandra_in@yahoo.com,Naveenchandra Acharya,352 indu fortune villa  Kphb 12,Hyderabad,Telangana,500072,India,8801007936,,NR,https://dev-poojan.myshopify.com,Success-NA-0,Shipped,,,,,,3DE095E64C4288FA4611619A5D70CD6F80F4D2F2C560E808DC3694B4776945B2654251AC7FC7D47AE8C291508F34A07CC53C,9BC803346FF3A6899B909F7085B2,dev-poojan.myshopify.com|2023-04,2024-05-06T17|15|53Z,MOB,106.221.186.99,412774692896,,N,,,,,851.00,,,,drnaveenacharya@okicici,,NA,Success,0,ICICI Bank,,NA,Seleno Services Private Limited,,NA,
113278421277,Order,ruXCyNl0vtVOK3rEaTzh5mPQj,2024-05-06 22:53:41.067,2024-05-06 23:11:27.71,OT-ORD,Credit Card,Credit Card,Visa,INR,952.00,0.00,952.00,27.61,0.00,0.00,0.00,Samidha S,G-5 YashoGanesh apt Gaodevi Chowk near lal chowki  Next to Kashi Vishwanath bldg,Kalyan west,Maharashtra,421301,India,919702333914,Daniel87@gmail.com,Samidha S,G-5 YashoGanesh apt Gaodevi Chowk near lal chowki  Next to Kashi Vishwanath bldg,Kalyan west,Maharashtra,421301,India,919702333914,,NR,https://dev-poojan.myshopify.com,AUTHENTICATION_SUCCESSFUL,Shipped,,Domestic,,,,3DE095E64C4288FA4611619A5D70CD6FCA5E7D62EEE869373052C6D9D065E908D7B23D3F17AB023983B5053B848EB0DF7E05,958FDD2DDA8059F2A7696AE412EB,dev-poojan.myshopify.com|2023-04,2024-05-06T17|23|38Z,MOB,42.106.249.45,011781,,N,,,,,952.00,,7150163184936467306959,,,,xxxxxx xxxxxx 1158,,,Axis Bank,HDFC Bank,NA,Seleno Services Private Limited,,NA,
113278447133,Order,rf0fhDxo6ucVsQDPpggxjAHFR,2024-05-06 23:40:30.59,2024-05-07 00:01:25.44,OT-ORD,Debit Card,Debit Card,Visa Debit Card,INR,1202.00,0.00,1202.00,15.03,0.00,0.00,0.00,Bhagwandas Sakhrani,Mahalaxmi Heights RTO Colony Mumbai Central  A/601,Mumbai,Maharashtra,400011,India,918286434015,Hkbsakhrani@gmail.com,Bhagwandas Sakhrani,Mahalaxmi Heights RTO Colony Mumbai Central  A/601,Mumbai,Maharashtra,400011,India,918286434015,,NR,https://dev-poojan.myshopify.com,AUTHENTICATION_SUCCESSFUL,Shipped,,Domestic,,,,3DE095E64C4288FA4611619A5D70CD6F1689BEF5E9821B1004B890AA95E1F720893CBF3350FBEAF1C6FF36332C2D9ADB036D,3C2928DDFDB41E2BBDBD00549D78,dev-poojan.myshopify.com|2023-04,2024-05-06T18|10|27Z,MOB,110.224.126.100,417737,,N,,,,,1202.00,,7150192391896978805964,,,,xxxxxx xxxxxx 7524,,,Axis Bank,Standard Chartered Bank,NA,Seleno Services Private Limited,,NA,
113278457881,Order,rTUJmVBgm3iZbHDaN5LvhvvbD,2024-05-07 00:09:00.807,2024-05-07 00:21:36.527,OT-ORD,Debit Card,Debit Card,Visa Debit Card,INR,952.00,0.00,952.00,11.90,0.00,0.00,0.00,Dipankar Hazarika,Woodland WK Hospital National Highway 6  Woodkand wk hospital,Jowai,Meghalaya,793150,India,919365466486,Hazarika4u@gmail.com,Dipankar Hazarika,Woodland WK Hospital National Highway 6  Woodkand wk hospital,Jowai,Meghalaya,793150,India,919365466486,,NR,https://dev-poojan.myshopify.com,SUCCESS,Shipped,,Domestic,,,,3DE095E64C4288FA4611619A5D70CD6FBCCB51CB3C830EB4FD603BC560FE3E8A11A83B04D15F39C16DB520CE1C077A16FB36,DE10E09D58033CD18B3BF91BA4E2,dev-poojan.myshopify.com|2023-04,2024-05-06T18|38|57Z,MOB,152.58.168.166,759710,,N,,,,,952.00,,202412889519070,,,,xxxxxx xxxxxx 7200,,,State Bank of India,State Bank of India,NA,Seleno Services Private Limited,,NA,
113278543384,Order,rlOCokpFJXBknCU7VjVMwwuCY,2024-05-07 08:02:55.69,2024-05-07 08:21:37.973,OT-ORD,Debit Card,Debit Card,RuPay,INR,851.00,0.00,851.00,4.26,0.00,0.00,0.00,Divya Dondapati,33-3-25  Leela towers,Vijayawada,Andhra Pradesh,520002,India,917799074973,23feblogical@gmail.com,Divya Dondapati,33-3-25  Leela towers,Vijayawada,Andhra Pradesh,520002,India,917799074973,,NR,https://dev-poojan.myshopify.com,SUCCESS,Shipped,,Domestic,,,,3DE095E64C4288FA4611619A5D70CD6F9080DF5B6A3E97F3B26B3EF2992ACAF541D84021BA2757599FFEEBA4D5F2D483C189,873B5B792E51291232D658FD7AEB,dev-poojan.myshopify.com|2023-04,2024-05-07T02|32|53Z,MOB,45.118.74.179,656207,,N,,,,,851.00,,202412824563930,,,,xxxxxx xxxxxx 7254,,,State Bank of India,UNION BANK OF INDIA ERST ANDHRA BANK,NA,Seleno Services Private Limited,,NA,
113278583090,Order,rhxxTncfxC4x9onTNkaR6Ey2s,2024-05-07 08:54:39.4,2024-05-07 09:11:22.123,OT-ORD,Credit Card,Credit Card,MasterCard,INR,851.00,0.00,851.00,16.59,0.00,0.00,0.00,Himanshu shrivastava,Plot no 30 krishna colony bag wali gali new tilpat  New tilpat,Faridabad,Haryana,121003,India,919891679551,himanshushrivastava080492@gmail.com,Himanshu shrivastava,Plot no 30 krishna colony bag wali gali new tilpat  New tilpat,Faridabad,Haryana,121003,India,919891679551,,NR,https://dev-poojan.myshopify.com,AUTHENTICATION_SUCCESSFUL,Shipped,,Domestic,,,,3DE095E64C4288FA4611619A5D70CD6F4ABD82861141A61552254F0D5DD31807A7006B9A3025883B0BBB028A709C83FEE667,A1BF41FB4F17EEC2B078F25A5881,dev-poojan.myshopify.com|2023-04,2024-05-07T03|24|35Z,MOB,106.194.120.223,834341,,N,,,,,851.00,,7150524687456357606962,,,,xxxxxx xxxxxx 5018,,,Axis Bank,ICICI Bank,NA,Seleno Services Private Limited,,NA,
113278595536,Order,rkSW51gBcOvxvdrmfPkos4B0p,2024-05-07 09:08:52.77,2024-05-07 09:21:18.787,OT-ORD,Net Banking,Net Banking,ICICI Bank,INR,1204.00,0.00,1204.00,21.67,0.00,3.90,0.00,POOJA SINGHAL,Clover Belvedere Sopan Baug Road Kavade Mala Ghorpadi  1102,Pune,Maharashtra,411001,India,919764199999,poojasinghal@hotmail.com,POOJA SINGHAL,Clover Belvedere Sopan Baug Road Kavade Mala Ghorpadi  1102,Pune,Maharashtra,411001,India,919764199999,,NR,https://dev-poojan.myshopify.com,SUCCESS,Shipped,,,,,,3DE095E64C4288FA4611619A5D70CD6FD0580748A28C617E20A7E4BA357BA489B7A9DB7B3BB34B3FE9AE1DC7472E850E9080,4B9D8420BB655BF3EA7ACCD29F04,dev-poojan.myshopify.com|2023-04,2024-05-07T03|38|49Z,MOB,182.70.66.70,0837499732,,N,,,,,1204.00,,113278595536-100001103315,,,,NA,,,ICICI Bank,,NA,Seleno Services Private Limited,,NA,
113278626410,Order,rZxVCtTudUC9MZQQgOEwjqfwT,2024-05-07 09:40:29.263,2024-05-07 10:01:57.437,OT-ORD,Credit Card,Credit Card,Visa,INR,1954.00,0.00,1954.00,56.67,0.00,0.00,0.00,Harish Kumar Narayan Raju,4th A Main Santhrupthi Nagar J P Nagar 7th Phase  No. 3 RR Block,Bengaluru,Karnataka,560078,India,9902016189,harish.harrison@gmail.com,Harish Kumar Narayan Raju,4th A Main Santhrupthi Nagar J P Nagar 7th Phase  No. 3 RR Block,Bengaluru,Karnataka,560078,India,9902016189,,NR,https://dev-poojan.myshopify.com,AUTHENTICATION_SUCCESSFUL,Shipped,,Domestic,,,,3DE095E64C4288FA4611619A5D70CD6F1BCD406A6DAE4497079CE95E7386141BDE020C3BEB8B03A6927E61A825992855C71F,914C24DD502A6F9FB9329D7F5AC9,dev-poojan.myshopify.com|2023-04,2024-05-07T04|10|27Z,PC,49.37.160.163,007456,,N,,,,,1954.00,,7150551192046592805961,,,,xxxxxx xxxxxx 9323,,,Axis Bank,Standard Chartered Bank,NA,Seleno Services Private Limited,,NA,
113278632629,Order,ra9aYK8jpGCMHPBmeb8NDrW7x,2024-05-07 09:46:16.3,2024-05-07 10:01:58.303,OT-ORD,Debit Card,Debit Card,RuPay,INR,2304.00,0.00,2304.00,11.52,0.00,2.07,0.00,Purva Sawant,7 Tungekar bldg opp Ajay shopping centre  Mahim west,Mumbai,Maharashtra,400016,India,919987024149,purva50@gmail.com,Purva Sawant,7 Tungekar bldg opp Ajay shopping centre  Mahim west,Mumbai,Maharashtra,400016,India,919987024149,,NR,https://dev-poojan.myshopify.com,SUCCESS,Shipped,,Domestic,,,,3DE095E64C4288FA4611619A5D70CD6F47BBE7A7F71A063480012A46B93789AB13F156296968CF3A8A82049FC64B22799B54,5C6A24B165ABB397E825AB519CDB,dev-poojan.myshopify.com|2023-04,2024-05-07T04|16|14Z,MOB,106.193.148.104,278041,,N,,,,,2304.00,,202412872285895,,,,xxxxxx xxxxxx 1533,,,State Bank of India,UNION BANK OF INDIA,NA,Seleno Services Private Limited,,NA,
