CCAvenue Ref#,order type,Order No,Order Datetime,Ship Date Time,order_type,Payment Mode,Card Type,Card Name,Currency,Gross Amount,Discount,Order Amount,Fee Perc Value,Fee Flat,Tax,TDS,Bill Name,Bill Address,Bill City,Bill State,Bill Zip,Bill Country,Bill Tel,Bill Email,ship Name,Ship Address,Ship City,Ship State,Ship Zip,Ship Country,Ship Tel,Instructions,Fraud Status,Website URL,Order Bank Response,Order Status,Sub Acc Id,Order Bin Country,Order Stlmt Date,Card Enrolled,Merchant Param1,Merchant Param2,Merchant Param3,Merchant Param4,Merchant Param5,Device Type,Customer IP,order_bank_ref_no,order_bank_arn_no,order_split_payout,emi_issuing_bank,tenure_duration,emi_discount_type,emi discount value,order capt amt,Merchant Charge Ref,Order BankQSI,TPV Account No.,order_vpa,AAN No,Card_Number,NPCI Message,NPCI Code,acquiring Bank,Issuing Bank,Bank Tid,Legal Entity Name,Dba Name,Transaction Tid,dispute_status
113298387039,Order,rfony8eJEYV36PaP9BCYQr880,2024-05-23 11:53:02.98,,OT-ORD,Unified Payments,Credit Card,RuPay,INR,1955.00,0.00,1955.00,39.10,0.00,0.00,0.00,Jayanth N,#401 Bld 119 Shirke Apartments  Kengeri satellite town,Bengaluru,Karnataka,560060,India,918553723184,jayanthcj47@gmail.com,Jayanth N,#401 Bld 119 Shirke Apartments  Kengeri satellite town,Bengaluru,Karnataka,560060,India,918553723184,,,https://dev-poojan.myshopify.com,Failed-NA-1,Unsuccessful,,,,,,3DE095E64C4288FA4611619A5D70CD6FA4EA93AF2E4B84430702E646BE94C26F43FE3A453E1A06A6FC3B8CC191C15C3ED5F3,BF989E1FDEEEA94EFDC2B5830058,dev-poojan.myshopify.com|2023-04,2024-05-23T06|23|00Z,MOB,106.51.179.21,414438095721,,N,,,,,0.00,,,,8553723184@axisb,,NA,Failed,1,ICICI Bank,,NA,Seleno Services Private Limited,,NA,
113298694044,Order,rHOaIXEufskOeIakhDw6uoFdQ,2024-05-23 15:26:03.697,,OT-ORD,,,,INR,1254.00,0.00,1254.00,,,,0.00,SUSHIL KOHLI,C/O DESRAJ JEWELLERS  2622 G/F BANK STREET KAROL BAGH,New Delhi Central,Delhi,110005,India,919999955500,,SUSHIL KOHLI,C/O DESRAJ JEWELLERS  2622 G/F BANK STREET KAROL BAGH,,,,India,919999955500,,,https://dev-poojan.myshopify.com,,Initiated,,,,,,3DE095E64C4288FA4611619A5D70CD6F7E9264B3B6EA4BC8DA5E8891E682A32E0B8DA348F301B651228FB885E2E26E02CE89,41C81D46FC8680522502843FA38E,dev-poojan.myshopify.com|2023-04,2024-05-23T09|56|01Z,PC,49.36.181.116,,,N,,,,,0.00,,,,,,NA,,,,,NA,Seleno Services Private Limited,,NA,
113299203133,Order,rb8CQaAUCCK4Yu3YCUqa4X8C1,2024-05-23 21:40:09.457,,OT-ORD,Unified Payments,Unified Payments,UPI,INR,1054.00,0.00,1054.00,5.27,0.00,0.95,0.00,Ranadeep Das,1/A Sudhir Sen Barat Lane  Radha Rani Guest House,Kolkata,West Bengal,700009,India,9874205541,ranadeepdas94@hotmail.com,Ranadeep Das,1/A Sudhir Sen Barat Lane  Radha Rani Guest House,Kolkata,West Bengal,700009,India,9874205541,,,https://dev-poojan.myshopify.com,Initiation Failed-NA-2,Aborted,,,,,,3DE095E64C4288FA4611619A5D70CD6F104BBE9206582DEC28D43CCA3773DBB49EACCB7EA4CA582E588EA54E31DF492E26F6,210E841123FC9FB2F1119FA5FFD8,dev-poojan.myshopify.com|2023-04,2024-05-23T16|10|04Z,PC,103.121.119.131,,,N,,,,,0.00,,,,9874205541@ibl,,NA,Initiation Failed,2,ICICI Bank,,NA,Seleno Services Private Limited,,NA,
113299206338,Order,ryjJK61IrWMI04foJo8vDNpIy,2024-05-23 21:43:17.86,,OT-ORD,Unified Payments,Unified Payments,UPI,INR,1254.00,0.00,1254.00,6.27,0.00,1.13,0.00,Ranadeep Das,1/A Sudhir Sen Barat Lane  Radha Rani Guest House,Kolkata,West Bengal,700009,India,9874205541,ranadeepdas94@hotmail.com,Ranadeep Das,1/A Sudhir Sen Barat Lane  Radha Rani Guest House,Kolkata,West Bengal,700009,India,9874205541,,,https://dev-poojan.myshopify.com,Initiation Failed-NA-2,Aborted,,,,,,3DE095E64C4288FA4611619A5D70CD6F311AE78A078366C6E5933F49FE18916B163919CCD0EE1741DABB9EBF9BAD6C179B3D,ABF15498884E3B332F4C3BDAF00C,dev-poojan.myshopify.com|2023-04,2024-05-23T16|13|14Z,PC,103.121.119.131,,,N,,,,,0.00,,,,9874205541@ibl,,NA,Initiation Failed,2,ICICI Bank,,NA,Seleno Services Private Limited,,NA,
