CCAvenue Ref#,order type,Order No,Order Datetime,Ship Date Time,order_type,Payment Mode,Card Type,Card Name,Currency,Gross Amount,Discount,Order Amount,Fee Perc Value,Fee Flat,Tax,TDS,Bill Name,Bill Address,Bill City,Bill State,Bill Zip,Bill Country,Bill Tel,Bill Email,ship Name,Ship Address,Ship City,Ship State,Ship Zip,Ship Country,Ship Tel,Instructions,Fraud Status,Website URL,Order Bank Response,Order Status,Sub Acc Id,Order Bin Country,Order Stlmt Date,Card Enrolled,Merchant Param1,Merchant Param2,Merchant Param3,Merchant Param4,Merchant Param5,Device Type,Customer IP,order_bank_ref_no,order_bank_arn_no,order_split_payout,emi_issuing_bank,tenure_duration,emi_discount_type,emi discount value,order capt amt,Merchant Charge Ref,Order BankQSI,TPV Account No.,order_vpa,AAN No,Card_Number,NPCI Message,NPCI Code,acquiring Bank,Issuing Bank,Bank Tid,Legal Entity Name,Dba Name,Transaction Tid,dispute_status
113271115157,Order,r36pk6NF529o1QepvjQmvFqys,2024-05-01 05:30:36.817,2024-05-01 05:51:38.673,OT-ORD,Debit Card,Debit Card,Visa Debit Card,INR,1353.00,0.00,1353.00,16.91,0.00,0.00,0.00,Venugoal Reddy perugu,TIRUMALA NAGERkhanajiguda  Trimulgirry,Secundrabad,Telangana,500015,India,919121212959,venuugopal87@gmail.com,Venugoal Reddy perugu,TIRUMALA NAGERkhanajiguda  Trimulgirry,Secundrabad,Telangana,500015,India,919121212959,,NR,https://dev-poojan.myshopify.com,AUTHENTICATION_SUCCESSFUL,Shipped,,Domestic,,,,3DE095E64C4288FA4611619A5D70CD6F85A3D4DE43EE636C8FA69F64F17A958C046DC66B5A46990478D1B0C1537D435FDFC7,F0689F8048F7BC97D3505EFCC22E,dev-poojan.myshopify.com|2023-04,2024-05-01T00|00|33Z,MOB,49.43.234.238,643802,74056634123412261195997,N,,,,,1353.00,,7145218696886190006958,,,,xxxxxx xxxxxx 2107,,,Axis Bank,HDFC Bank,NA,Seleno Services Private Limited,,NA,
113272100594,Order,r8i8cXo7JZ67lBBkdJmOh41LO,2024-05-01 20:03:48.747,2024-05-01 20:21:43.427,OT-ORD,Unified Payments,Unified Payments,UPI,INR,952.00,0.00,952.00,4.76,0.00,0.86,0.00,Mukul Sinha Sinha,C-16 Shaman Vihar Apartment Plot-9 Sector-23 Dwarka  Dwarka,New Delhi,Delhi,110077,India,919717891409,mukul_sinha2000@yahoo.com,Mukul Sinha Sinha,C-16 Shaman Vihar Apartment Plot-9 Sector-23 Dwarka  Dwarka,New Delhi,Delhi,110077,India,919717891409,,NR,https://dev-poojan.myshopify.com,Success-NA-0,Shipped,,,,,,3DE095E64C4288FA4611619A5D70CD6F04B6B9800468E01FE75082F041039F1CC8462DDF294BB3310098D7AE563EFA92A5A5,01231E0378096239912BD96A30AC,dev-poojan.myshopify.com|2023-04,2024-05-01T14|33|46Z,MOB,182.69.180.214,412252085454,0,N,,,,,952.00,,,,9717891409@paytm,,NA,Success,0,ICICI Bank,,NA,Seleno Services Private Limited,,NA,
113272154484,Order,rSqrLR5Uo5ovL6R5b8kMAse19,2024-05-01 20:51:09.95,2024-05-01 21:11:11.6,OT-ORD,Unified Payments,Unified Payments,UPI,INR,2455.00,0.00,2455.00,12.28,0.00,2.21,0.00,Santosh Deshpande,A-15Blossom breeze near Sejal parkKeshav nagaron Chinchwad -Kalewadi roadChinchwad  A-15Blossom breeze,Pune,Maharashtra,411033,India,919325682102,isantoshd@gmail.com,Santosh Deshpande,A-15Blossom breeze near Sejal parkKeshav nagaron Chinchwad -Kalewadi roadChinchwad  A-15Blossom breeze,Pune,Maharashtra,411033,India,919325682102,,NR,https://dev-poojan.myshopify.com,Success-NA-0,Shipped,,,,,,3DE095E64C4288FA4611619A5D70CD6F1B179BB73F6FF9B99D554B58F09D940DBF3CADAD60C0BFECC414F13C9F034ACE2755,173D6C7201DDEB552A52A5ACBA60,dev-poojan.myshopify.com|2023-04,2024-05-01T15|20|58Z,MOB,42.104.226.156,412252338059,0,N,,,,,2455.00,,,,isantoshd@okicici,,NA,Success,0,ICICI Bank,,NA,Seleno Services Private Limited,,NA,
113272228462,Order,rQJObibN3Dah6h1ZSikP2wkic,2024-05-01 22:06:43.487,2024-05-01 22:21:12.52,OT-ORD,Unified Payments,Unified Payments,UPI,INR,952.00,0.00,952.00,4.76,0.00,0.86,0.00,Varun Turlapatti,Hinjawadi Rajiv Gandhi Infotech Park Hinjawadi  Megapolis Sparklet A2 building 801,Pune,Maharashtra,411057,India,919099667077,varun.turlapatti@gmail.com,Varun Turlapatti,Hinjawadi Rajiv Gandhi Infotech Park Hinjawadi  Megapolis Sparklet A2 building 801,Pune,Maharashtra,411057,India,919099667077,Please send Prasad,NR,https://dev-poojan.myshopify.com,Transaction Successful-NA-0,Shipped,,,,,,3DE095E64C4288FA4611619A5D70CD6F643193064DB67881FA5B864426B00E8655299BC1BEF95BAC5304386C71DA10E8FF54,9F2D66684D4D45AAB5576B2D9B4B,dev-poojan.myshopify.com|2023-04,2024-05-01T16|36|40Z,MOB,223.233.81.146,448875321621,0,N,,,,,952.00,,0000000000,,varun.turlapatti@okaxis,,NA,Transaction Successful,0,ICICI Bank,,NA,Seleno Services Private Limited,,NA,
113272239568,Order,rTQ4x2uvyG5KYmfx3rlw9iIrC,2024-05-01 22:20:03.02,2024-05-01 22:41:09.733,OT-ORD,Unified Payments,Unified Payments,UPI,INR,1904.00,0.00,1904.00,9.52,0.00,1.71,0.00,Ajay Rasputra,Dahisar East  Dahisar east,Mumbai,Maharashtra,400068,India,9819684171,ajayrasputra@gmail.com,Ajay Rasputra,Dahisar East  Dahisar east,Mumbai,Maharashtra,400068,India,9819684171,,NR,https://dev-poojan.myshopify.com,Transaction Successful-NA-0,Shipped,,,,,,3DE095E64C4288FA4611619A5D70CD6F55DCC489DBF0CDCA89AEECB4C3446ECE310D0F39B4C03AC61BE900F5047BC97154AC,799F9E5A11C431B2FBA2EFA2C41E,dev-poojan.myshopify.com|2023-04,2024-05-01T16|50|01Z,MOB,103.216.212.120,412289124383,0,N,,,,,1904.00,,0000000000,,akrasputra@okaxis,,NA,Transaction Successful,0,ICICI Bank,,NA,Seleno Services Private Limited,,NA,
113272276204,Order,rKJtdj1mo1c4jctTtAVjXuWM7,2024-05-01 23:09:52.937,2024-05-01 23:21:46.997,OT-ORD,Unified Payments,Unified Payments,UPI,INR,1402.00,0.00,1402.00,7.01,0.00,1.26,0.00,Anubhav Tuknait,Prestige High Fields ISB Road Financial District  Flat 2344 Tower 2,Nanakramguda,Telangana,500032,India,9818899973,anubhavt@gmail.com,Anubhav Tuknait,Prestige High Fields ISB Road Financial District  Flat 2344 Tower 2,Nanakramguda,Telangana,500032,India,9818899973,,NR,https://dev-poojan.myshopify.com,Success-NA-0,Shipped,,,,,,3DE095E64C4288FA4611619A5D70CD6F0E1397FABF3C554C14225EA9737BCECA2CE28ED9AC97821C634AE95B79CAC9CF88C9,21EF20E5882C8ADFDE5D6D2A8E95,dev-poojan.myshopify.com|2023-04,2024-05-01T17|39|49Z,MOB,49.43.234.170,412252852455,0,N,,,,,1402.00,,,,anubhavtuknait@ybl,,NA,Success,0,ICICI Bank,,NA,Seleno Services Private Limited,,NA,
113272284503,Order,rcl6WqsuBQVl4YNYU3RN9PnRO,2024-05-01 23:23:51.213,2024-05-01 23:40:59.863,OT-ORD,Unified Payments,Unified Payments,UPI,INR,851.00,0.00,851.00,4.26,0.00,0.77,0.00,shivani singh,Fortis Flt Lt Rajan Dhall Hospital Vasant Kunj New Delhi Aruna Asaf Ali Marg Sector B Vasant Kunj  Fortis hospital,New Delhi,Delhi,110070,India,8527654124,shivanisngh18@gmail.com,shivani singh,Fortis Flt Lt Rajan Dhall Hospital Vasant Kunj New Delhi Aruna Asaf Ali Marg Sector B Vasant Kunj  Fortis hospital,New Delhi,Delhi,110070,India,8527654124,,NR,https://dev-poojan.myshopify.com,Success-NA-0,Shipped,,,,,,3DE095E64C4288FA4611619A5D70CD6FE97D4E333D5A360B36D494780EFEF26CC5B55D1BDE97D143DE654F514A59CBD66159,17F780D6C292655EACA199CDFA94,dev-poojan.myshopify.com|2023-04,2024-05-01T17|53|48Z,MOB,103.240.234.130,412252891176,0,N,,,,,851.00,,,,8527654124@paytm,,NA,Success,0,ICICI Bank,,NA,Seleno Services Private Limited,,NA,
113272292576,Order,rkurH0IeyqoQcbZoWg383Mzov,2024-05-01 23:38:01.783,2024-05-01 23:51:41.537,OT-ORD,Unified Payments,Unified Payments,UPI,INR,851.00,0.00,851.00,4.26,0.00,0.77,0.00,Sudhanva Shahane,Jambhulwadi Road Ambegaon BK Shani Nagar  Venkatesh Lake Vista wing D Flat no -108,Pune,Maharashtra,411046,India,9011544511,shahane.sudhanva@gmail.com,Sudhanva Shahane,Jambhulwadi Road Ambegaon BK Shani Nagar  Venkatesh Lake Vista wing D Flat no -108,Pune,Maharashtra,411046,India,9011544511,,NR,https://dev-poojan.myshopify.com,Success-NA-0,Shipped,,,,,,3DE095E64C4288FA4611619A5D70CD6F796A516824E0DDE86E81C544C85AE482ECE554D6AB5DF526369591E33A1E95C468E9,2D53208C2D6F5BDBF19F22CECC19,dev-poojan.myshopify.com|2023-04,2024-05-01T18|07|59Z,MOB,106.213.86.108,412252925952,0,N,,,,,851.00,,,,shahane.sudhanva@okhdfcbank,,NA,Success,0,ICICI Bank,,NA,Seleno Services Private Limited,,NA,
113272297484,Order,reZ150ZJ99O4u762z6wywBWhs,2024-05-01 23:48:59.22,2024-05-02 00:02:02.303,OT-ORD,Unified Payments,Unified Payments,UPI,INR,151.00,0.00,151.00,0.76,0.00,0.14,0.00,Vimlesh Shah,South city garden Tower 3 flat 8f 61b.l.saha road Near nshm college  Mahabirtolla,Kolkata,West Bengal,700053,India,919674993043,cvs75@yahoo.co.in,Vimlesh Shah,South city garden Tower 3 flat 8f 61b.l.saha road Near nshm college  Mahabirtolla,Kolkata,West Bengal,700053,India,919674993043,,NR,https://dev-poojan.myshopify.com,Success-NA-0,Shipped,,,,,,3DE095E64C4288FA4611619A5D70CD6FAB02AEFECF3E40F7AB7B9D3121685B06BA73B7D231C933B4527440AA461295FA992B,735AFF840F62CC008B5215BD4DA9,dev-poojan.myshopify.com|2023-04,2024-05-01T18|18|55Z,MOB,106.213.52.198,412252954370,0,N,,,,,151.00,,,,chetnashah3675-1@okhdfcbank,,NA,Success,0,ICICI Bank,,NA,Seleno Services Private Limited,,NA,
113272309588,Order,r294k98ekmYMSFXnWO9eKJmwY,2024-05-02 00:21:26.51,2024-05-02 00:41:35.577,OT-ORD,Unified Payments,Unified Payments,UPI,INR,1403.00,0.00,1403.00,7.02,0.00,1.26,0.00,Chitra Gupta,Flat No - 2G  Gharana Palace Purulia Road Ranchi,Bangalore,Jharkhand,834001,India,9740656680,priyankar205@gmail.com,Chitra Gupta,Flat No - 2G  Gharana Palace Purulia Road Ranchi,Bangalore,Jharkhand,834001,India,9740656680,,NR,https://dev-poojan.myshopify.com,Transaction Successful-NA-0,Shipped,,,,,,3DE095E64C4288FA4611619A5D70CD6F45D030E4541CCDADB4DF84977249A71D9B18C3CEDC025E6A75CCA4C99D958BB3E396,F636DF1C54F9B44268F632FAC622,dev-poojan.myshopify.com|2023-04,2024-05-01T18|51|23Z,PC,136.226.252.179,448914221911,0,N,,,,,1403.00,,0000000000,,priyankar205-2@okaxis,,NA,Transaction Successful,0,ICICI Bank,,NA,Seleno Services Private Limited,,NA,
113272368009,Order,rxgTtSnZ0zxzcHFdEbo04HC0c,2024-05-02 07:05:00.767,2024-05-02 07:21:35.94,OT-ORD,Unified Payments,Unified Payments,UPI,INR,151.00,0.00,151.00,0.76,0.00,0.14,0.00,haritha gadiraju,P102 Lakshmis crystal  Seeta rama nagar road patamatalanka,Vijayawada,Andhra Pradesh,520010,India,919966582555,harithagadiraju2010@gmail.com,haritha gadiraju,P102 Lakshmis crystal  Seeta rama nagar road patamatalanka,Vijayawada,Andhra Pradesh,520010,India,919966582555,,NR,https://dev-poojan.myshopify.com,Success-NA-0,Shipped,,,,,,3DE095E64C4288FA4611619A5D70CD6F705F0352928F514A017A925BBB46E42C93B96CC013F7464D1351DEF1F97C0C37CDBA,CC4DA2B010DC2403A94E12F10AF3,dev-poojan.myshopify.com|2023-04,2024-05-02T01|34|57Z,MOB,49.205.101.246,412353319713,0,N,,,,,151.00,,,,harithagadiraju2010@oksbi,,NA,Success,0,ICICI Bank,,NA,Seleno Services Private Limited,,NA,
113272419920,Order,rCQi5FFrayZy572fmGV6fjC2X,2024-05-02 08:23:15.54,2024-05-02 08:42:50.923,OT-ORD,Unified Payments,Unified Payments,UPI,INR,1103.00,0.00,1103.00,5.52,0.00,0.99,0.00,Krishna Chaitanya,111  Picket castle,Hyderabad,Telangana,500026,India,9885438056,nadellakrishna@gmail.com,Krishna Chaitanya,111  Picket castle,Hyderabad,Telangana,500026,India,9885438056,,NR,https://dev-poojan.myshopify.com,Transaction Successful-NA-0,Shipped,,,,,,3DE095E64C4288FA4611619A5D70CD6F178AD72B2F5A4C250ABAAF30770FBDBC694EEEFFC3B84A2B9D14AE57E1419951E4BD,49512C9276DFD46925430C089446,dev-poojan.myshopify.com|2023-04,2024-05-02T02|53|12Z,MOB,49.205.122.148,412315652926,0,N,,,,,1103.00,,0000000000,,nadellakrishna-2@okhdfcbank,,NA,Transaction Successful,0,ICICI Bank,,NA,Seleno Services Private Limited,,NA,
113272434746,Order,r4uxNAtkraskrv8vguSYjL0Ce,2024-05-02 08:39:54.743,2024-05-02 08:51:35.87,OT-ORD,Unified Payments,Unified Payments,UPI,INR,2055.00,0.00,2055.00,10.28,0.00,1.85,0.00,Jasmin Om Brar,The Green Images Sector 51 Road Mayfield Garden Sector 51  M 835 2nd floor,Gurugram,Haryana,122018,India,919873094339,Jasminebrar_2002@yahoo.com,Jasmin Om Brar,The Green Images Sector 51 Road Mayfield Garden Sector 51  M 835 2nd floor,Gurugram,Haryana,122018,India,919873094339,Please read the names out correctly.,NR,https://dev-poojan.myshopify.com,Success-NA-0,Shipped,,,,,,3DE095E64C4288FA4611619A5D70CD6F01E3AA8A545BC75580B702B2834B70073A234FC446F484AB817427C51B78A924EA1A,A1AA7F34FB9B43C03DC07E762A07,dev-poojan.myshopify.com|2023-04,2024-05-02T03|09|49Z,MOB,42.108.26.16,412353560491,0,N,,,,,2055.00,,,,9873094339@paytm,,NA,Success,0,ICICI Bank,,NA,Seleno Services Private Limited,,NA,
113272892138,Order,rY8JMHCEdrMrHESutMIe86yE3,2024-05-02 13:48:42.573,2024-05-02 14:02:44.38,OT-ORD,Unified Payments,Unified Payments,UPI,INR,1604.00,0.00,1604.00,8.02,0.00,1.44,0.00,Neelam Bhasin,E-229 2nd floor Greater Kailash II,New Delhi,Delhi,110048,India,919818260831,neelam.bhasin229@gmail.com,Neelam Bhasin,E-229 2nd floor Greater Kailash II,New Delhi,Delhi,110048,India,919818260831,,NR,https://dev-poojan.myshopify.com,Success-NA-0,Shipped,,,,,,3DE095E64C4288FA4611619A5D70CD6F8C9954650995471EA2EED52C0494027650664D17ABFE6CC2A57E6C7C5343444AB765,DEEEE60E92C1D7644267E9C07847,dev-poojan.myshopify.com|2023-04,2024-05-02T08|18|39Z,MOB,122.161.69.159,412355082837,0,N,,,,,1604.00,,,,9818260831995@paytm,,NA,Success,0,ICICI Bank,,NA,Seleno Services Private Limited,,NA,
113273347360,Order,rvwtG106oVi07phibmwkEDYDn,2024-05-02 19:05:47.603,2024-05-02 20:09:09.97,OT-ORD,Unified Payments,Unified Payments,UPI,INR,851.00,0.00,851.00,4.26,0.00,0.77,0.00,Shreeharsha B N,Pragathi ORCHIDS The International School - CBSE School in Whitefield Kadugodi  Pragathi School,Bengaluru,Karnataka,560067,India,9538452815,harsha.pratham@gmail.com,Shreeharsha B N,Pragathi ORCHIDS The International School - CBSE School in Whitefield Kadugodi  Pragathi School,Bengaluru,Karnataka,560067,India,9538452815,,NR,https://dev-poojan.myshopify.com,Success-NA-0,Shipped,,,,,,3DE095E64C4288FA4611619A5D70CD6F11437E67C0E3DBBBBAA4CD5E0D44079724562690D8871B07738473C067356478D918,3AE33999BC6CFE8433220739661A,dev-poojan.myshopify.com|2023-04,2024-05-02T13|35|45Z,MOB,152.58.232.149,412356410321,,N,,,,,851.00,,,,9008175751@ybl,,NA,Success,0,ICICI Bank,,NA,Seleno Services Private Limited,,NA,
113273525199,Order,r7fR8OhpLjUJWSaPM90aRG1Li,2024-05-02 21:04:39.02,2024-05-02 21:21:21.227,OT-ORD,Credit Card,Credit Card,Visa,INR,1252.00,0.00,1252.00,24.41,0.00,0.00,0.00,Ashish Chaudhari,901 Shiromani tower A wing Rajkamal Studio Compound Parel Mumbai  901,Mumbai,Maharashtra,400012,India,919820189028,drashish55@yahoo.com,Ashish Chaudhari,901 Shiromani tower A wing Rajkamal Studio Compound Parel Mumbai  901,Mumbai,Maharashtra,400012,India,919820189028,,NR,https://dev-poojan.myshopify.com,AUTHENTICATION_SUCCESSFUL,Shipped,,Domestic,,,,3DE095E64C4288FA4611619A5D70CD6FAE611BF76B70BD074D11AA4665E33545FA66E143667D7199DC9D11CEDA06FF778642,87E3CA51F1800A040FCAF1345477,dev-poojan.myshopify.com|2023-04,2024-05-02T15|34|36Z,MOB,1.38.145.26,192666,,N,,,,,1252.00,,7146642412716511005959,,,,xxxxxx xxxxxx 1744,,,Axis Bank,Axis Bank,NA,Seleno Services Private Limited,,NA,
113273576699,Order,rd9COI0iJb9532ATKT1ATcs4T,2024-05-02 21:52:45.607,2024-05-02 22:11:49.457,OT-ORD,Unified Payments,Unified Payments,UPI,INR,251.00,0.00,251.00,1.26,0.00,0.23,0.00,Priyankar Gupta,G 302  SJR Parkway Homes Rayasandra Main Road Rayasandra,Bangalore,Karnataka,560099,India,9740656680,priyankar205@gmail.com,Priyankar Gupta,G 302  SJR Parkway Homes Rayasandra Main Road Rayasandra,Bangalore,Karnataka,560099,India,9740656680,,NR,https://dev-poojan.myshopify.com,Transaction Successful-NA-0,Shipped,,,,,,3DE095E64C4288FA4611619A5D70CD6F62CA27D6379325E2280663EF2291BFFB32494B6E226010D24696474B66CADDF7B803,ABE78C2F60CF8B13E158DCB0501B,dev-poojan.myshopify.com|2023-04,2024-05-02T16|22|43Z,PC,136.226.252.187,412362574520,,N,,,,,251.00,,0000000000,,priyankar205-2@okaxis,,NA,Transaction Successful,0,ICICI Bank,,NA,Seleno Services Private Limited,,NA,
113273634825,Order,rbsWfPjawEpmJhrq6N4lbTmvZ,2024-05-02 23:05:55.43,2024-05-02 23:21:41.423,OT-ORD,Unified Payments,Unified Payments,UPI,INR,1554.00,0.00,1554.00,7.77,0.00,1.40,0.00,Venkata Pratap Kumar Narapareddy,403 Shivani Homes Near Womens collage Gandhipuram Rajahmundry  403 Shivani Homes,Rajahmundry,Andhra Pradesh,533103,India,919912454488,nvpknlx@gmail.com,Venkata Pratap Kumar Narapareddy,403 Shivani Homes Near Womens collage Gandhipuram Rajahmundry  403 Shivani Homes,Rajahmundry,Andhra Pradesh,533103,India,919912454488,,NR,https://dev-poojan.myshopify.com,Success-NA-0,Shipped,,,,,,3DE095E64C4288FA4611619A5D70CD6F19D8A7C0703F5E2788DF6F85ECA04E702815A046005CA68AD96143D599D15865BD7B,292CF8CF2967B96BB338853AAA06,dev-poojan.myshopify.com|2023-04,2024-05-02T17|35|52Z,MOB,106.212.255.235,412357426379,,N,,,,,1554.00,,,,nvpknlx@oksbi,,NA,Success,0,ICICI Bank,,NA,Seleno Services Private Limited,,NA,
113273675391,Order,raAl55knjjUvFfPM0zEngBZt2,2024-05-03 00:37:21.743,2024-05-03 00:51:24.243,OT-ORD,Unified Payments,Unified Payments,UPI,INR,1252.00,0.00,1252.00,6.26,0.00,1.13,0.00,Timma Srivastava,Flat 17 Dhavalgiri Apts Near Gaikwad Petrol Pump Aundh Pune  Flat 17 Dhavalgiri Apts Near Gaikwad Petrol Pump Aundh Pune,Pune,Maharashtra,411007,India,8600230701,abhijit.srivastava@gmail.com,Timma Srivastava,Flat 17 Dhavalgiri Apts Near Gaikwad Petrol Pump Aundh Pune  Flat 17 Dhavalgiri Apts Near Gaikwad Petrol Pump Aundh Pune,Pune,Maharashtra,411007,India,8600230701,,NR,https://dev-poojan.myshopify.com,Success-NA-0,Shipped,,,,,,3DE095E64C4288FA4611619A5D70CD6F568F4E6CE7705B5331263CF42A3DD021EE81317ACF9F311A858162823E5A3B0DC866,55383D65E32EEB2C57BA82FBC112,dev-poojan.myshopify.com|2023-04,2024-05-02T19|07|18Z,MOB,49.205.255.73,412457595927,,N,,,,,1252.00,,,,9820156680@paytm,,NA,Success,0,ICICI Bank,,NA,Seleno Services Private Limited,,NA,
113273678601,Order,rdQhmowoROPD5regJwbLt8SFi,2024-05-03 00:48:50.693,2024-05-03 01:01:54.973,OT-ORD,Debit Card,Debit Card,Visa Debit Card,INR,952.00,0.00,952.00,11.90,0.00,0.00,0.00,Timma Srivastava,Flat 17 Dhavalgiri Apts Near Gaikwad Petrol Pump Aundh Pune  Flat 17 Dhavalgiri Apts Near Gaikwad Petrol Pump Aundh Pune,Pune,Maharashtra,411007,India,8600230701,abhijit.srivastava@gmail.com,Timma Srivastava,Flat 17 Dhavalgiri Apts Near Gaikwad Petrol Pump Aundh Pune  Flat 17 Dhavalgiri Apts Near Gaikwad Petrol Pump Aundh Pune,Pune,Maharashtra,411007,India,8600230701,,NR,https://dev-poojan.myshopify.com,AUTHENTICATION_SUCCESSFUL,Shipped,,Domestic,,,,3DE095E64C4288FA4611619A5D70CD6F4B201EC78CE6C59D3B818556C09D3F68209DBC698A8D977008C3EC3B2118BCDEACA6,89637183FBB9F91EC1BA69B4C964,dev-poojan.myshopify.com|2023-04,2024-05-02T19|18|48Z,MOB,49.205.255.73,155043,,N,,,,,952.00,,7146776896226871806959,,,,xxxxxx xxxxxx 6186,,,Axis Bank,HDFC Bank,NA,Seleno Services Private Limited,,NA,
113273722996,Order,rwuQtNXBQYfOYzxzTrnv6h5az,2024-05-03 06:46:24.113,2024-05-03 07:02:10.193,OT-ORD,Credit Card,Credit Card,MasterCard,INR,2153.00,0.00,2153.00,41.98,0.00,7.56,0.00,Amitabh Lal Das,Amar Landmark 20/4 Someshwar Park Road Someshwarwadi Pashan  B-401,Pune,Maharashtra,411008,India,919811126463,amitabhlaldas@hotmail.com,Amitabh Lal Das,Amar Landmark 20/4 Someshwar Park Road Someshwarwadi Pashan  B-401,Pune,Maharashtra,411008,India,919811126463,,NR,https://dev-poojan.myshopify.com,AUTHENTICATION_SUCCESSFUL,Shipped,,Domestic,,,,3DE095E64C4288FA4611619A5D70CD6F8F074D9C306AE5007535C42597122EB347B586C085A413791D212C24057AD0B80E35,B15BC961172F7C5108263C2A7E46,dev-poojan.myshopify.com|2023-04,2024-05-03T01|16|21Z,MOB,223.233.80.134,413451,,N,,,,,2153.00,,7146990845486181306964,,,,xxxxxx xxxxxx 7596,,,Axis Bank,Axis Bank,NA,Seleno Services Private Limited,,NA,
