CCAvenue Ref#,order type,Order No,Order Datetime,Ship Date Time,order_type,Payment Mode,Card Type,Card Name,Currency,Gross Amount,Discount,Order Amount,Fee Perc Value,Fee Flat,Tax,TDS,Bill Name,Bill Address,Bill City,Bill State,Bill Zip,Bill Country,Bill Tel,Bill Email,ship Name,Ship Address,Ship City,Ship State,Ship Zip,Ship Country,Ship Tel,Instructions,Fraud Status,Website URL,Order Bank Response,Order Status,Sub Acc Id,Order Bin Country,Order Stlmt Date,Card Enrolled,Merchant Param1,Merchant Param2,Merchant Param3,Merchant Param4,Merchant Param5,Device Type,Customer IP,order_bank_ref_no,order_bank_arn_no,order_split_payout,emi_issuing_bank,tenure_duration,emi_discount_type,emi discount value,order capt amt,Merchant Charge Ref,Order BankQSI,TPV Account No.,order_vpa,AAN No,Card_Number,NPCI Message,NPCI Code,acquiring Bank,Issuing Bank,Bank Tid,Legal Entity Name,Dba Name,Transaction Tid,dispute_status
113277083001,Order,rTguo95JY7qbzPJwQYEVB2W8x,2024-05-06 05:38:07.707,,OT-ORD,Credit Card,Credit Card,Visa,INR,1852.00,0.00,1852.00,36.11,0.00,0.00,0.00,Praveen Patil,48 Mt cloth market M.T Cloth Market        MIM,Indore,Madhya Pradesh india,452015,India,9977667025,Praveen.patil099@gmail.com,Praveen Patil,48,Indore,Madhya Pradesh,452015,India,9977255571,,,https://dev-poojan.myshopify.com,,Unsuccessful,,Domestic,,,,3DE095E64C4288FA4611619A5D70CD6FF54B38B90C2CFF1D456BDC399644633BC97A6842B2D4280AC5282DF4EC8494D9A50B,8DAB2807314F9F33DDC8A87DC3B5,dev-poojan.myshopify.com|2023-04,2024-05-06T00|08|01Z,MOB,110.224.189.165,,,N,,,,,0.00,,,,,,xxxxxx xxxxxx 8006,,,Axis Bank,DBS,NA,Seleno Services Private Limited,,NA,
113277084954,Order,rZJMFZJ0cdmOcvUbnNbDjIfNY,2024-05-06 05:53:42.137,,OT-ORD,,,,INR,1852.00,0.00,1852.00,,,,0.00,Praveen Patil,48 Mt cloth market M.T Cloth Market        MIM,,,452015,India,,Praveen.patil099@gmail.com,,,,,,,,,,https://dev-poojan.myshopify.com,,Initiated,,,,,,3DE095E64C4288FA4611619A5D70CD6F443D467A452CE69B83DD085EC13085B0D0AE31A7B558481A949D2B2994DE59C99CD5,014D640FCF97F42ACFA719A237DB,dev-poojan.myshopify.com|2023-04,2024-05-06T00|23|37Z,MOB,110.224.189.165,,,N,,,,,0.00,,,,,,NA,,,,,NA,Seleno Services Private Limited,,NA,
113277085531,Order,rdETirEkdkLIUSXc0TTGMfPWI,2024-05-06 05:57:50.967,,OT-ORD,,,,INR,1852.00,0.00,1852.00,,,,0.00,Praveen Patil,48 Mt cloth market M.T Cloth Market        MIM,,Madhya Pradesh,452015,India,,Praveen.patil099@gmail.com,,,,,,,,,,https://dev-poojan.myshopify.com,,Initiated,,,,,,3DE095E64C4288FA4611619A5D70CD6F3EF38E28E244C28B193FD6C8EF96DCC8F24808DD2AF3D3C4E236CC71B92441A11A47,CB528EF7124341C46B5D771F0B9A,dev-poojan.myshopify.com|2023-04,2024-05-06T00|27|45Z,MOB,110.224.189.165,,,N,,,,,0.00,,,,,,NA,,,,,NA,Seleno Services Private Limited,,NA,
113277108381,Order,r5kAORYHMfurMlSxxQmZTXbko,2024-05-06 07:16:31.163,,OT-ORD,,,,INR,1954.00,0.00,1954.00,,,,0.00,Suraj Gope,Surajgope455gmail Com  Sunshine enclave,Jamshedpur,Jharkhand,831012,India,917061293511,,,,,,,,917061293511,,,https://dev-poojan.myshopify.com,,Initiated,,,,,,3DE095E64C4288FA4611619A5D70CD6F69B1ACBC507DCA1F764DC21239ACFFA777D09EA6C6BFD3A31731642E1651FD6D8561,6ADEFA1238B52DED8C9994244F74,dev-poojan.myshopify.com|2023-04,2024-05-06T01|46|28Z,MOB,152.58.148.80,,,N,,,,,0.00,,,,,,NA,,,,,NA,Seleno Services Private Limited,,NA,
113277369696,Order,r7bR68HY6OrGJdsxBn70LGaSk,2024-05-06 11:25:13.237,,OT-ORD,,,,INR,851.00,0.00,851.00,,,,0.00,KRIPA SHANKAR,PhArmaseuticals Colony  Near Bhagwat Nager,Patna,Bihar,800026,India,919430606143,,,,,,,,919430606143,,,https://dev-poojan.myshopify.com,,Initiated,,,,,,3DE095E64C4288FA4611619A5D70CD6FD063644D1D0A4DDF4EF9114ABA4FFFC1E595CECEC932F2EEFA1FF1CDCB0800EF4DA9,E154A40C51CD2E5A29A73443ED74,dev-poojan.myshopify.com|2023-04,2024-05-06T05|55|09Z,MOB,157.35.74.163,,,N,,,,,0.00,,,,,,NA,,,,,NA,Seleno Services Private Limited,,NA,
113277679755,Order,rtdv6hevt0iJ119tbjkd6giDa,2024-05-06 14:41:28.63,,OT-ORD,,,,INR,851.00,0.00,851.00,,,,0.00,Vijay Tamta,156 A Shiv Nagar Near Kedarpuram Defence colony  Near Joshi General Store,Dehradun,Uttarakhand,248001,India,,vijaytamta@yahoo.com,,,,,,,,,,https://dev-poojan.myshopify.com,,Initiated,,,,,,3DE095E64C4288FA4611619A5D70CD6FD4413137141958A778B4E6E47A9190D2E6A8CAF9B551548446154219C7382E01A6EF,85D042F6222CAE48793D5D2FD104,dev-poojan.myshopify.com|2023-04,2024-05-06T09|11|24Z,MOB,106.223.183.218,,,N,,,,,0.00,,,,,,NA,,,,,NA,Seleno Services Private Limited,,NA,
113277745339,Order,rN352Q9ERjVZ5f7m9VePpgWxp,2024-05-06 15:28:57.6,,OT-ORD,Unified Payments,Unified Payments,UPI,INR,1553.00,0.00,1553.00,7.77,0.00,1.40,0.00,Arathi Pandit,No 103rd main shrikanteshwarnagar opposite to Ramani Nilaya house near Mahalaksmi layout bus stop road  mahalakshmi layout  Opposite to Ramani Nilaya house near Mahalaksmi layout bus stop  Bangalore,Bangalore,Karnataka,560096,India,9591770018,pandit.arathi@gmail.com,Arathi Pandit,No 103rd main shrikanteshwarnagar opposite to Ramani Nilaya house near Mahalaksmi layout bus stop road  mahalakshmi layout  Opposite to Ramani Nilaya house near Mahalaksmi layout bus stop  Bangalore,Bangalore,Karnataka,560096,India,9591770018,,,https://dev-poojan.myshopify.com,,Awaited,,,,,,3DE095E64C4288FA4611619A5D70CD6F2C30703E6FEA704429F9D80972A859E8FE4084A3FCD6328653D41430D88DFD9066E9,7E1F543C1C5E50215B96A2347C48,dev-poojan.myshopify.com|2023-04,2024-05-06T09|58|54Z,MOB,49.205.138.165,,,N,,,,,0.00,,,,,,NA,,,ICICI Bank,,NA,Seleno Services Private Limited,,NA,
113277747852,Order,rLYXYOTeqKRrlkRFvmKek3Rj6,2024-05-06 15:30:43.69,,OT-ORD,,,,INR,1553.00,0.00,1553.00,,,,0.00,Arathi Pandit,No 103rd main shrikanteshwarnagar opposite to Ramani Nilaya house near Mahalaksmi layout bus stop road  mahalakshmi layout  Opposite to Ramani Nilaya house near Mahalaksmi layout bus stop  Bangalore,Bangalore,Karnataka,560096,India,,pandit.arathi@gmail.com,,,,,,,,,,https://dev-poojan.myshopify.com,,Initiated,,,,,,3DE095E64C4288FA4611619A5D70CD6FC684ACD128569B9B15B64B0763BFB1834EEF9321BB7DF74DF68D2DF40C9035EC9CD1,D51C65BF7938F90392FD05AE8612,dev-poojan.myshopify.com|2023-04,2024-05-06T10|00|40Z,MOB,49.205.138.165,,,N,,,,,0.00,,,,,,NA,,,,,NA,Seleno Services Private Limited,,NA,
113278013394,Order,rbiyVmrQig4sY0nCIbJovxedC,2024-05-06 17:52:10.843,,OT-ORD,,,,INR,1851.00,0.00,1851.00,,,,0.00,Akhila Uthappa,Lakshmi madical opposite to basaveshwara temple road ponnampet  Lakshmi madical,Ponnampet,Karnataka,571216,India,917349314793,,,,,,,,917349314793,,,https://dev-poojan.myshopify.com,,Initiated,,,,,,3DE095E64C4288FA4611619A5D70CD6F7664BB16F6919B55ABD7FB0244854C09716290806F3D362401A33221109D0DA8337F,9E64829E50F50D2A95D7F366E11E,dev-poojan.myshopify.com|2023-04,2024-05-06T12|22|08Z,MOB,106.216.162.76,,,N,,,,,0.00,,,,,,NA,,,,,NA,Seleno Services Private Limited,,NA,
113278057288,Order,rSK8hOixzgRgC1zoKzWWiS4L5,2024-05-06 18:14:47.09,,OT-ORD,,,,INR,851.00,0.00,851.00,,,,0.00,SUBHAS CHANDRA DE SARKAR DESARKAR,Khamarchandi Post Office  M/S UNIQUE HP GAS SERVICE,Haripal,West Bengal,712405,India,,ugssubhas@gmail.com,,,,,,,,,,https://dev-poojan.myshopify.com,,Initiated,,,,,,3DE095E64C4288FA4611619A5D70CD6F669861928B955179218CA95689E04C1EBB71364EA6D9CD207DD4148526A2FFD1D5BD,120A96EC3030D81DD394F80D9488,dev-poojan.myshopify.com|2023-04,2024-05-06T12|44|44Z,MOB,117.197.229.225,,,N,,,,,0.00,,,,,,NA,,,,,NA,Seleno Services Private Limited,,NA,
113278183314,Order,rKa32dYYKUPknMethoxapmjog,2024-05-06 19:22:39.13,,OT-ORD,,,,INR,1202.00,0.00,1202.00,,,,0.00,Bhagwandas Sakhrani,Mahalaxmi Heights RTO Colony Mumbai Central  A/601,Mumbai,Maharashtra,400011,India,918286434015,,,,,,,,918286434015,,,https://dev-poojan.myshopify.com,,Initiated,,,,,,3DE095E64C4288FA4611619A5D70CD6F8B5D36F9107B6914E6B77635239CA803647117C74624DCAE4F2B4CB7C4A0831003A0,FA3D96F0D17FAAD5FB8E3A6722CD,dev-poojan.myshopify.com|2023-04,2024-05-06T13|52|34Z,MOB,110.224.127.145,,,N,,,,,0.00,,,,,,NA,,,,,NA,Seleno Services Private Limited,,NA,
113278400042,Order,rW39juh6VUh7e4AySqZtGe5K4,2024-05-06 22:24:10.88,,OT-ORD,,,,INR,1504.00,0.00,1504.00,,,,0.00,Selve Singh,B Block-396  2nd floor  Road 4 Vasant Kunj Enclave  Nangal Dewat  VASANT Kunj  New Delhi-110070  B-396  2nd floor,New Delhi,Delhi,110070,India,,stselvesingh@rediffmail.com,,,,,,,,,,https://dev-poojan.myshopify.com,,Initiated,,,,,,3DE095E64C4288FA4611619A5D70CD6F15BC2E957EBD71BCA7F2C56E3F8C0DC8291683007190C37D41B8B8B20A64FE7D4542,4A62B2BC3ACD5E2BADE256B3339C,dev-poojan.myshopify.com|2023-04,2024-05-06T16|54|08Z,MOB,43.228.140.92,,,N,,,,,0.00,,,,,,NA,,,,,NA,Seleno Services Private Limited,,NA,
113278517920,Order,r0BiGoLdW14odUSVdAqHjXSYM,2024-05-07 07:16:54.35,,OT-ORD,Net Banking,Net Banking,Union Bank of India,INR,1252.00,0.00,1252.00,22.54,0.00,4.06,0.00,Purva Sawant Sawant,7 Tungekar Building  T H Katarina Rd,Mumbai,Maharashtra,400016,India,9987024149,purva50@gmail.com,Purva Sawant Sawant,7 Tungekar Building  T H Katarina Rd,Mumbai,Maharashtra,400016,India,9987024149,,,https://dev-poojan.myshopify.com,,Awaited,,,,,,3DE095E64C4288FA4611619A5D70CD6F9240DE61358BB61EE923AD67FE74F75E31BC816B6268D193A9D8331284EF3B5FD9F8,7358689C2E032427C97AB600F307,dev-poojan.myshopify.com|2023-04,2024-05-07T01|46|51Z,MOB,106.193.148.104,,,N,,,,,0.00,,,,,,NA,,,Union Bank of India,,NA,Seleno Services Private Limited,,NA,
113278520691,Order,r6rblok5USe1Q2DxKmq9EtkFd,2024-05-07 07:22:53.51,,OT-ORD,,,,INR,1252.00,0.00,1252.00,,,,0.00,Purva Sawant Sawant,7 Tungekar Building  T H Katarina Rd,Mumbai,Maharashtra,400016,India,,purva50@gmail.com,,,,,,,,,,https://dev-poojan.myshopify.com,,Initiated,,,,,,3DE095E64C4288FA4611619A5D70CD6F4734EAE10EFF3D2E29DF1225D97167219D7E17282FA1F73D546170C9703B25713848,16314757E3FFE37DEBB953C7951F,dev-poojan.myshopify.com|2023-04,2024-05-07T01|52|51Z,MOB,106.193.148.104,,,N,,,,,0.00,,,,,,NA,,,,,NA,Seleno Services Private Limited,,NA,
113278578233,Order,rIK8sM6Rqa6udQ4zVAvbw4U2T,2024-05-07 08:48:58.463,,OT-ORD,,,,INR,851.00,0.00,851.00,,,,0.00,Krishna Pandya,B/10 yogeshwar flat near raksha hospital judges bungalow ahmedabad  B/10 yogeshwar flat near raksha hospital judges bungalow,Ahmedabad,Gujarat,380015,India,919974141075,,,,,,,,919974141075,,,https://dev-poojan.myshopify.com,,Initiated,,,,,,3DE095E64C4288FA4611619A5D70CD6F486145CC0B9FBA95304C26C66919F0E4C3C5BFE88221B18A61D1F51B78C80F416BB0,8B791F33C8098D1639C53DE60302,dev-poojan.myshopify.com|2023-04,2024-05-07T03|18|54Z,MOB,223.238.233.42,,,N,,,,,0.00,,,,,,NA,,,,,NA,Seleno Services Private Limited,,NA,
113278617503,Order,rzsrBmzr0ouAk5H280iiv1B4G,2024-05-07 09:31:47.003,,OT-ORD,Credit Card,Credit Card,Visa,INR,1954.00,0.00,1954.00,56.67,0.00,0.00,0.00,Harish Kumar Narayan Raju,No3 RR Block 4th A Main Santhrupthi Nagar J P Nagar 7th Phase,Bengaluru,Karnataka,560078,India,9902016189,harish.harrison@gmail.com,Harish Kumar Narayan Raju,No3 RR Block 4th A Main Santhrupthi Nagar J P Nagar 7th Phase,Bengaluru,Karnataka,560078,India,9902016189,,,https://dev-poojan.myshopify.com,,Unsuccessful,,Domestic,,,,3DE095E64C4288FA4611619A5D70CD6F08913ED9317611E78781C27C6A09B3A556FB8D94B30644C5F6A87AA7A26A82DF2526,D90FF471F2E7A679684814500469,dev-poojan.myshopify.com|2023-04,2024-05-07T04|01|44Z,PC,49.37.160.163,L3rIKTNAfSLLlRYAyxR1,,N,,,,,0.00,,,,,,xxxxxx xxxxxx 9323,,,Axis Bank,Standard Chartered Bank,NA,Seleno Services Private Limited,,NA,
113278620646,Order,r3LG8uMJ6CI9edJmrhUQ9qGXt,2024-05-07 09:34:58.823,,OT-ORD,,,,INR,1352.00,0.00,1352.00,,,,0.00,SONALI Mondal,Lodha Luxuria Priva Balkum Pada Majiwada  Wing A  flat 703  Giovanni,Mumbai,Maharashtra,400601,India,918734910895,,,,,,,,918734910895,,,https://dev-poojan.myshopify.com,,Initiated,,,,,,3DE095E64C4288FA4611619A5D70CD6F88638F558EA63A5B7C5CAE3FECA7F7C67836A9224BED844323A614435DA20C239E6B,A217E380401E8B04B859FB62AA9C,dev-poojan.myshopify.com|2023-04,2024-05-07T04|04|56Z,MOB,49.43.26.126,,,N,,,,,0.00,,,,,,NA,,,,,NA,Seleno Services Private Limited,,NA,
113278642504,Order,rmHhPL5RQEPOxCUFTzCSReUnj,2024-05-07 09:55:36.06,,OT-ORD,,,,INR,952.00,0.00,952.00,,,,0.00,Raghu Devaraja,No 130a6tha crossKempegowda NagarT.Dassarhalli  Bangalore,raghudbangalore,Karnataka,560057,India,,raghudbangalore@gmail.com,,,,,,,,,,https://dev-poojan.myshopify.com,,Initiated,,,,,,3DE095E64C4288FA4611619A5D70CD6FAF38ACC03F9A7B2BFCB8629006D642A23110A5CA05B24AE03EB8E0B377B35218409C,4F9623755ABE0120817587860490,dev-poojan.myshopify.com|2023-04,2024-05-07T04|25|33Z,MOB,49.37.180.170,,,N,,,,,0.00,,,,,,NA,,,,,NA,Seleno Services Private Limited,,NA,
113278651310,Order,rpP910zfLyc5u4622YJNsBOTj,2024-05-07 10:03:24.377,,OT-ORD,Credit Card,Credit Card,Visa,INR,851.00,0.00,851.00,16.59,0.00,0.00,0.00,Avnish Mittal,sector 16 A  115,Chandigarh,Chandigarh,160015,India,919872000579,avnishmittal420@gmail.com,Avnish Mittal,sector 16 A  115,Chandigarh,Chandigarh,160015,India,919872000579,,,https://dev-poojan.myshopify.com,The cardholder is enrolled in Payer Authentication.  Please authenticate before proceeding with authorization.,Unsuccessful,,Domestic,,,,3DE095E64C4288FA4611619A5D70CD6F537D0CE740628D152BBFAB472D9C173554BA20AE70E2B38E83CCA2B807DCDB1BDDAA,97E924BE84A24FA18E75C22B5FEF,dev-poojan.myshopify.com|2023-04,2024-05-07T04|33|21Z,MOB,103.41.26.119,7150565346806351006958,,N,,,,,0.00,,7150565346806351006958,,,,xxxxxx xxxxxx 8232,,,Axis Bank,Axis Bank,NA,Seleno Services Private Limited,,NA,
113278702243,Order,rb85T0B095p0EwKT8JwD0OD5k,2024-05-07 10:41:42.397,,OT-ORD,,,,INR,1352.00,0.00,1352.00,,,,0.00,Mukul Patowary,Synergy Eden Flat no A4 LakhimiNagar Hatigaon Janakpur Path  Synergy Eden Flat no A4,Guwahati,Assam,781038,India,,mukulpatowary555@gmail.com,,,,,,,,,,https://dev-poojan.myshopify.com,,Initiated,,,,,,3DE095E64C4288FA4611619A5D70CD6F104BBE9206582DEC28D43CCA3773DBB4B434B989578BFFC008E84C98D7D6FBAB0DBC,78AB7C4A9CFDFD6AA4BB56951522,dev-poojan.myshopify.com|2023-04,2024-05-07T05|11|39Z,MOB,122.179.214.27,,,N,,,,,0.00,,,,,,NA,,,,,NA,Seleno Services Private Limited,,NA,
113278785889,Order,rFsvNRBhLRGrn4jqCWpNkRFOI,2024-05-07 11:39:33.5,,OT-ORD,,,,INR,1101.00,0.00,1101.00,,,,0.00,Vani raj Varjhula,2nd floor dr krishnendu bhowmick residemcy  Ruby park rickshaw stand kasba,Kolkata,West Bengal,700042,India,,vvanisri92@gmail.com,,,,,,,,,,https://dev-poojan.myshopify.com,,Initiated,,,,,,3DE095E64C4288FA4611619A5D70CD6FA5DCB84DA04E645210F572BB26059877D728EB547558DD06D89B8FAE8D217DEF9EBA,2E8E8320B626CF0DDBF1E178669B,dev-poojan.myshopify.com|2023-04,2024-05-07T06|09|30Z,MOB,223.191.50.254,,,N,,,,,0.00,,,,,,NA,,,,,NA,Seleno Services Private Limited,,NA,
113279068962,Order,rHFGygLA2vlGB27aDXMmKHHzg,2024-05-07 15:06:21.91,,OT-ORD,,,,INR,851.00,0.00,851.00,,,,0.00,Palak sharma Dixit,10 Sector 6 Road Sector 6D Rohini  House no 6,Delhi,Delhi,110085,India,919818377403,,,,,,,,919818377403,,,https://dev-poojan.myshopify.com,,Initiated,,,,,,3DE095E64C4288FA4611619A5D70CD6FACADD50F1269F5BF90A91BE2EDA86B41155276CF564AE110A64922EFC2026657F994,C1B608F2F2D451254C3D0D3B9B48,dev-poojan.myshopify.com|2023-04,2024-05-07T09|36|19Z,MOB,182.69.176.233,,,N,,,,,0.00,,,,,,NA,,,,,NA,Seleno Services Private Limited,,NA,
113279070089,Order,rP8x3qdno78aZ92FBdSMgyFvN,2024-05-07 15:07:18.99,,OT-ORD,,,,INR,851.00,0.00,851.00,,,,0.00,Palak sharma Dixit,10 Sector 6 Road Sector 6D Rohini  House no 6,Delhi,Delhi,110085,India,919818377403,,,,,,,,919818377403,,,https://dev-poojan.myshopify.com,,Initiated,,,,,,3DE095E64C4288FA4611619A5D70CD6FF40D668799FBCCA54959DA946B01F953DAE49069234FCB0EFF6028D5081DB68A953B,7BA19CF5EEED6C47AD7ED709FD42,dev-poojan.myshopify.com|2023-04,2024-05-07T09|37|16Z,MOB,182.69.176.233,,,N,,,,,0.00,,,,,,NA,,,,,NA,Seleno Services Private Limited,,NA,
113279075937,Order,rzYYOKsmFQQEWo5rioIJlKZIg,2024-05-07 15:12:07.27,,OT-ORD,,,,INR,851.00,0.00,851.00,,,,0.00,Palak sharma Dixit,10 Sector 6 Road Sector 6D Rohini  House no 6,Delhi,Delhi,110085,India,919818377403,,,,,,,,919818377403,,,https://dev-poojan.myshopify.com,,Initiated,,,,,,3DE095E64C4288FA4611619A5D70CD6F19FB893D21322A66E8ECCA00673D7AEACC0A3EC3EA0BBFB6A3E1B3750F1851E5ED35,08A6B2A0DD98CA1731BE7AA63290,dev-poojan.myshopify.com|2023-04,2024-05-07T09|42|04Z,MOB,182.69.176.233,,,N,,,,,0.00,,,,,,NA,,,,,NA,Seleno Services Private Limited,,NA,
113279094248,Order,rmgMX87HaLl3p5uYjk9jqFYHT,2024-05-07 15:27:14.93,,OT-ORD,,,,INR,851.00,0.00,851.00,,,,0.00,Palak sharma Dixit,10 Sector 6 Road Sector 6D Rohini  House no 6,Delhi,Delhi,110085,India,919818377403,,,,,,,,919818377403,,,https://dev-poojan.myshopify.com,,Initiated,,,,,,3DE095E64C4288FA4611619A5D70CD6FBF724BC4F6B52749589A121AAADE06BC442AEF098369FBC9A644BDEA8447E8CFAD08,8937AAF221B50D1146701B9BD658,dev-poojan.myshopify.com|2023-04,2024-05-07T09|57|12Z,MOB,182.69.176.233,,,N,,,,,0.00,,,,,,NA,,,,,NA,Seleno Services Private Limited,,NA,
113279143163,Order,rwXEclvE2G8MDsEJOYiZSDE26,2024-05-07 16:06:46.01,,OT-ORD,Net Banking,Net Banking,ICICI Bank,INR,2153.00,0.00,2153.00,38.75,0.00,6.98,0.00,Pratima Dsouza,Off Andheri Link Road. Andheri west  2 B151 Windermere near mega mall. Oshiwara,Mumbai,Maharashtra,400053,India,98211 62912,pratima.dsouza@balajiattire.com,Pratima Dsouza,Off Andheri Link Road. Andheri west  2 B151 Windermere near mega mall. Oshiwara,Mumbai,Maharashtra,400053,India,98211 62912,,,https://dev-poojan.myshopify.com,,Awaited,,,,,,3DE095E64C4288FA4611619A5D70CD6F6828BAD09C25A1432E1EBFE7D43994652EFDBF597C8B2A7309B20452C873C3C81419,706A252664B835A9218161794146,dev-poojan.myshopify.com|2023-04,2024-05-07T10|36|43Z,MOB,110.226.176.194,,,N,,,,,0.00,,,,,,NA,,,ICICI Bank,,NA,Seleno Services Private Limited,,NA,
