CCAvenue Ref#,order type,Order No,Order Datetime,Ship Date Time,order_type,Payment Mode,Card Type,Card Name,Currency,Gross Amount,Discount,Order Amount,Fee Perc Value,Fee Flat,Tax,TDS,Bill Name,Bill Address,Bill City,Bill State,Bill Zip,Bill Country,Bill Tel,Bill Email,ship Name,Ship Address,Ship City,Ship State,Ship Zip,Ship Country,Ship Tel,Instructions,Fraud Status,Website URL,Order Bank Response,Order Status,Sub Acc Id,Order Bin Country,Order Stlmt Date,Card Enrolled,Merchant Param1,Merchant Param2,Merchant Param3,Merchant Param4,Merchant Param5,Device Type,Customer IP,order_bank_ref_no,order_bank_arn_no,order_split_payout,emi_issuing_bank,tenure_duration,emi_discount_type,emi discount value,order capt amt,Merchant Charge Ref,Order BankQSI,TPV Account No.,order_vpa,AAN No,Card_Number,NPCI Message,NPCI Code,acquiring Bank,Issuing Bank,Bank Tid,Legal Entity Name,Dba Name,Transaction Tid,dispute_status
113273677400,Order,r3GI5kGwNrtbFe4KyziOg3Rq8,2024-05-03 00:44:34.367,,OT-ORD,Unified Payments,Unified Payments,UPI,INR,952.00,0.00,952.00,4.76,0.00,0.86,0.00,Timma Srivastava,Flat 17 Dhavalgiri Apts Near Gaikwad Petrol Pump Aundh Pune  Flat 17 Dhavalgiri Apts Near Gaikwad Petrol Pump Aundh Pune,Pune,Maharashtra,411007,India,8600230701,abhijit.srivastava@gmail.com,Timma Srivastava,Flat 17 Dhavalgiri Apts Near Gaikwad Petrol Pump Aundh Pune  Flat 17 Dhavalgiri Apts Near Gaikwad Petrol Pump Aundh Pune,Pune,Maharashtra,411007,India,8600230701,,,https://dev-poojan.myshopify.com,Initiation Failed-NA-2,Aborted,,,,,,3DE095E64C4288FA4611619A5D70CD6FE49B9AFE8A03ECAD087A686FD1AE0C0CC19939B039A06EC76AC2B44DF33C3BA920E0,374E5C1FDD8073AB870C0A2C297B,dev-poojan.myshopify.com|2023-04,2024-05-02T19|14|32Z,MOB,49.205.255.73,,,N,,,,,0.00,,,,9820156680@paytm,,NA,Initiation Failed,2,ICICI Bank,,NA,Seleno Services Private Limited,,NA,
113274295509,Order,r8i8cXo7JZ67lBBkdJmOh41LO,2024-05-03 14:41:51.02,,OT-ORD,,,,INR,952.00,0.00,952.00,,,,0.00,Mukul Sinha Sinha,C-16 Shaman Vihar Apartment Plot-9 Sector-23 Dwarka  Dwarka,New Delhi,Delhi,110077,India,919717891409,,,,,,,,919717891409,,,https://dev-poojan.myshopify.com,,Initiated,,,,,,3DE095E64C4288FA4611619A5D70CD6F04B6B9800468E01FE75082F041039F1CC8462DDF294BB3310098D7AE563EFA92A5A5,01231E0378096239912BD96A30AC,dev-poojan.myshopify.com|2023-04,2024-05-01T14|33|46Z,PC,69.171.231.10,,,N,,,,,0.00,,,,,,NA,,,,,NA,Seleno Services Private Limited,,NA,
113274494584,Order,r27j6lwwvFGSRQBEZCR2K13kc,2024-05-03 17:11:36.68,,OT-ORD,,,,INR,1553.00,0.00,1553.00,,,,0.00,Madhavi Guntur,6-3-1216/50 flat F1Nest Apts Methodist Colony Begumpet Hyderabad  Nest apts,Hyderabad,Telangana,500016,India,919701004232,,,,,,,,919701004232,,,https://dev-poojan.myshopify.com,,Timeout,,,,,,3DE095E64C4288FA4611619A5D70CD6FB30D8A39ED3B18EA35C5834AECF9765535CCF17189F876FD1EFAA4E0785A9F537F41,975CAC626D554540B83A86FE859A,dev-poojan.myshopify.com|2023-04,2024-05-03T11|41|33Z,MOB,183.83.38.98,,,N,,,,,0.00,,,,,,NA,,,,,NA,Seleno Services Private Limited,,NA,
113274495345,Order,rLZMk9UeJopf3Kl39QhvvUMek,2024-05-03 17:12:08.55,,OT-ORD,Unified Payments,Unified Payments,UPI,INR,2154.00,0.00,2154.00,10.77,0.00,1.94,0.00,Geeta Sengupta,C 902wadgaonsheriSainathnagar  Konark Eurekac902wadgaonsheriSainathnagar,Pune,Maharashtra,411014,India,919890635408,geetasengupta9@gmail.com,Geeta Sengupta,C 902wadgaonsheriSainathnagar  Konark Eurekac902wadgaonsheriSainathnagar,Pune,Maharashtra,411014,India,919890635408,,,https://dev-poojan.myshopify.com,,Awaited,,,,,,3DE095E64C4288FA4611619A5D70CD6F86321834C0CC482F241060524C83B2130B2ED3E3F6D9B479221B4B27EF461E94ECDA,8386349B46F408C0A3AA1EBFB739,dev-poojan.myshopify.com|2023-04,2024-05-03T11|42|05Z,MOB,122.169.89.121,,,N,,,,,0.00,,,,,,NA,,,ICICI Bank,,NA,Seleno Services Private Limited,,NA,
113274798192,Order,rvfdq6Y1WZSkfEX0juZ7CkzPS,2024-05-03 20:45:06.023,,OT-ORD,Unified Payments,Unified Payments,UPI,INR,851.00,0.00,851.00,4.26,0.00,0.77,0.00,Palash kakwani Ravindra,3 rajwildernest  Nr sarvoday school,Valsad,Gujarat,396001,India,919925031930,ravindra.rk42@gmail.com,Palash kakwani Ravindra,3 rajwildernest  Nr sarvoday school,Valsad,Gujarat,396001,India,919925031930,,,https://dev-poojan.myshopify.com,Initiation Failed-NA-2,Aborted,,,,,,3DE095E64C4288FA4611619A5D70CD6F81B8635DF2B43F703D9C869370D2B5488A22027E6BB6D7B245B884806704934DA250,FF7AFF65D587D0B848F39CDD10F2,dev-poojan.myshopify.com|2023-04,2024-05-03T15|15|03Z,MOB,163.53.211.38,,,N,,,,,0.00,,,,ravinder.sparta@okhdhcbank,,NA,Initiation Failed,2,ICICI Bank,,NA,Seleno Services Private Limited,,NA,
113274843794,Order,rZi5ZOb6R1t8X3oh9aZ0dT5S4,2024-05-03 21:29:36.897,,OT-ORD,Unified Payments,Unified Payments,UPI,INR,851.00,0.00,851.00,4.26,0.00,0.77,0.00,Mehul Modi,A - 28 Sairaj Bunglows  Zadeshwar,Bharuch,Gujarat,392011,India,919825113062,mehulgets@gmail.com,Mehul Modi,A - 28 Sairaj Bunglows  Zadeshwar,Bharuch,Gujarat,392011,India,919825113062,,,https://dev-poojan.myshopify.com,Initiated but Interval Time Out-NA-0,Unsuccessful,,,,,,3DE095E64C4288FA4611619A5D70CD6F1D2096F924F15684814A891B632B2941E6F6F9D0B03D798E3A44145CE77C0457B6E0,457D1438FDEF7B43AE381A843598,dev-poojan.myshopify.com|2023-04,2024-05-03T15|59|33Z,MOB,49.14.123.31,412461529081,,N,,,,,0.00,,,,mehulgets@okicici,,NA,Initiated but Interval Time Out,0,ICICI Bank,,NA,Seleno Services Private Limited,,NA,
113274888207,Order,rqvkfgwRHr6jIIGq0pxmPELel,2024-05-03 22:20:35.827,,OT-ORD,,,,INR,952.00,0.00,952.00,,,,0.00,Jinal Nitinbhai Pethani,E-502 Mahamangliya Residency Shukaltirth Road Zadeshwar Chokdi  Zadeshwar,Bharuch,Gujarat,392011,India,919687619329,,,,,,,,919687619329,,,https://dev-poojan.myshopify.com,I wish to reviewmy order again before completing the transaction.,Aborted,,,,,,3DE095E64C4288FA4611619A5D70CD6F93EB1ADA5FFD622667EEB80A78EF981D3895D1789AE9FD8EA9C3BA78693B7D7873D6,1C7E20581334FC47E9EA080CDAEA,dev-poojan.myshopify.com|2023-04,2024-05-03T16|50|27Z,MOB,152.58.63.19,,,N,,,,,0.00,,,,,,NA,,,,,NA,Seleno Services Private Limited,,NA,
113274957871,Order,rlFgbzEGkDvIY2ZsKNpOKEFsv,2024-05-04 00:46:15.997,,OT-ORD,,,,INR,852.00,0.00,852.00,,,,0.00,Vishakha Singh,25 goodwill enclave  201,Pune,Maharashtra,411006,India,,vishakha15singh@gmail.com,,,,,,,,,,https://dev-poojan.myshopify.com,,Initiated,,,,,,3DE095E64C4288FA4611619A5D70CD6F8E0E909DAC68D4029116FEACF7323BDE5A9885BC14414BDC458284022101E3896BAF,C4B13DED587F8C43D18F60557CF8,dev-poojan.myshopify.com|2023-04,2024-04-30T17|13|57Z,MOB,152.59.7.116,,,N,,,,,0.00,,,,,,NA,,,,,NA,Seleno Services Private Limited,,NA,
