CCAvenue Ref#,order type,Order No,Order Datetime,Ship Date Time,order_type,Payment Mode,Card Type,Card Name,Currency,Gross Amount,Discount,Order Amount,Fee Perc Value,Fee Flat,Tax,TDS,Bill Name,Bill Address,Bill City,Bill State,Bill Zip,Bill Country,Bill Tel,Bill Email,ship Name,Ship Address,Ship City,Ship State,Ship Zip,Ship Country,Ship Tel,Instructions,Fraud Status,Website URL,Order Bank Response,Order Status,Sub Acc Id,Order Bin Country,Order Stlmt Date,Card Enrolled,Merchant Param1,Merchant Param2,Merchant Param3,Merchant Param4,Merchant Param5,Device Type,Customer IP,order_bank_ref_no,order_bank_arn_no,order_split_payout,emi_issuing_bank,tenure_duration,emi_discount_type,emi discount value,order capt amt,Merchant Charge Ref,Order BankQSI,TPV Account No.,order_vpa,AAN No,Card_Number,NPCI Message,NPCI Code,acquiring Bank,Issuing Bank,Bank Tid,Legal Entity Name,Dba Name,Transaction Tid,dispute_status
113300502545,Order,rnVYoEn24he58GAyisw70Mx63,2024-05-24 20:55:02.693,,OT-ORD,Unified Payments,Unified Payments,UPI,INR,151.00,0.00,151.00,0.76,0.00,0.14,0.00,Sachin Tyagi,C4C 214 first floor pocket 14 janakpuri  Janakpuri,Delhi,Delhi,110058,India,9891175756,tyagisachin103@yahoo.com,Sachin Tyagi,C4C 214 first floor pocket 14 janakpuri  Janakpuri,Delhi,Delhi,110058,India,9891175756,Janakpuri,,https://dev-poojan.myshopify.com,Initiation Failed-NA-2,Aborted,,,,,,3DE095E64C4288FA4611619A5D70CD6F9B3486ADAC34A1668D9062DB1CE8CD549898E1F1F34C5CD0B3118B4843FAEBA8B89A,AE4F9D520E25B5991B4AD46349D2,dev-poojan.myshopify.com|2023-04,2024-05-24T15|25|01Z,MOB,122.162.148.34,,,N,,,,,0.00,,,,9891175756@vbl,,NA,Initiation Failed,2,ICICI Bank,,NA,Seleno Services Private Limited,,NA,
113300525956,Order,rzHoc2u2szqFlOUVdudmz25t2,2024-05-24 21:18:04.747,,OT-ORD,Unified Payments,Unified Payments,UPI,INR,852.00,0.00,852.00,4.26,0.00,0.77,0.00,Kuldipkumar rajeshbhai Panchal,Radha krishna bazaar  Opposite old masjid,Limdi,Gujarat,389180,India,9924377453,Kpanchal549@gmail.com,Kuldipkumar rajeshbhai Panchal,Radha krishna bazaar  Opposite old masjid,Limdi,Gujarat,389180,India,9924377453,,,https://dev-poojan.myshopify.com,,Awaited,,,,,,3DE095E64C4288FA4611619A5D70CD6FC4F4BFD855671C29CB6224D5564ECAE2AD8DAAFDA00A9783AF2B769FF18208A58B84,5B49A9E42F4D78062AB3B4DB8C3C,dev-poojan.myshopify.com|2023-04,2024-05-24T15|48|00Z,MOB,59.88.50.185,,,N,,,,,0.00,,,,,,NA,,,ICICI Bank,,NA,Seleno Services Private Limited,,NA,
113300657502,Order,rkZ7A0tURh9Ws9F83sxNTpW7l,2024-05-25 02:19:36.727,,OT-ORD,Credit Card,Credit Card,MasterCard,INR,1856.00,0.00,1856.00,36.19,0.00,0.00,0.00,Vishal Kulshrestha,29 / 1 5B Cross 16 Main  BTM 2nd Stage,Bengaluru,Karnataka,560076,India,919900540471,kvishalk@gmail.com,Vishal Kulshrestha,29 / 1 5B Cross 16 Main  BTM 2nd Stage,Bengaluru,Karnataka,560076,India,919900540471,,,https://dev-poojan.myshopify.com,Decline - General decline of the card. No other information provided by the issuing bank.,Unsuccessful,,Domestic,,,,3DE095E64C4288FA4611619A5D70CD6F42F1B6E16051A0F96D0D0F7E1F08132FBB0E635A3CED01D1386C5C1CD92A08A87506,84B1E69D6D966B0713E65E8AE597,dev-poojan.myshopify.com|2023-04,2024-05-24T20|49|34Z,PC,49.205.39.22,FWFRfYcgii9QGKz8Cz50,,N,,,,,0.00,,7165838614846751006961,,,,xxxxxx xxxxxx 2281,,,Axis Bank,Axis Bank,NA,Seleno Services Private Limited,,NA,
113300693429,Order,rkLxRfNcaxEmtkTB4IUhT7pYo,2024-05-25 06:48:15.3,,OT-ORD,Unified Payments,Unified Payments,UPI,INR,251.00,0.00,251.00,1.26,0.00,0.23,0.00,Vaibhav Kapani,Parsha Shaleen Road  617,Manali,Himachal Pradesh,175131,India,919310555551,director@bluekohotels.com,Vaibhav Kapani,Parsha Shaleen Road  617,Manali,Himachal Pradesh,175131,India,919310555551,,,https://dev-poojan.myshopify.com,,Awaited,,,,,,3DE095E64C4288FA4611619A5D70CD6FFAFC463ABC072EAE6931C203AD80713E443F0DF777819DBB20F35DB00C950C057896,3BD55CABA7B5F92A3AC2B9CB013D,dev-poojan.myshopify.com|2023-04,2024-05-25T01|18|13Z,MOB,101.0.35.227,,,N,,,,,0.00,,,,,,NA,,,ICICI Bank,,NA,Seleno Services Private Limited,,NA,
